Handle,Title,Body (HTML),Vendor,Type,Tags,Published,Option1 Name,Option1 Value,Variant SKU,Variant Inventory Qty,Variant Inventory Policy,Variant Fulfillment Service,Variant Price,Variant Requires Shipping,Variant Taxable,Image Src,Image Position,Image Alt Text,Status
moletom-canguru-mcd-core-creme-arcanjo,Moletom Canguru Fechado MCD Core Creme Arcanjo,"<p>Moletom canguru fechado cor creme off-white, patch ""MCD"" em losango e estampa minimalista de arcanjo.</p>",MCD,Moletom,"moletom,mcd,streetwear,moletons",TRUE,Tamanho,P,MOLETOM-CANGURU-MCD-CORE-CREME-ARCANJO-P,3,deny,manual,399.99,TRUE,TRUE,,1,Moletom Canguru Fechado MCD Core Creme Arcanjo,active
moletom-canguru-mcd-core-creme-arcanjo,,,,,,,Tamanho,M,MOLETOM-CANGURU-MCD-CORE-CREME-ARCANJO-M,3,deny,manual,399.99,TRUE,TRUE,,,,
moletom-canguru-mcd-core-creme-arcanjo,,,,,,,Tamanho,G,MOLETOM-CANGURU-MCD-CORE-CREME-ARCANJO-G,3,deny,manual,399.99,TRUE,TRUE,,,,
moletom-canguru-mcd-core-creme-arcanjo,,,,,,,Tamanho,GG,MOLETOM-CANGURU-MCD-CORE-CREME-ARCANJO-GG,3,deny,manual,399.99,TRUE,TRUE,,,,
moletom-canguru-especial-pigeon,Moletom Canguru Fechado Especial Pigeon,<p>Moletom canguru fechado em tom escuro/marinho com estampa de pombos brancos em estilo gótico.</p>,MCD,Moletom,"moletom,mcd,streetwear,moletons",TRUE,Tamanho,P,MOLETOM-CANGURU-ESPECIAL-PIGEON-P,3,deny,manual,499.99,TRUE,TRUE,,1,Moletom Canguru Fechado Especial Pigeon,active
moletom-canguru-especial-pigeon,,,,,,,Tamanho,M,MOLETOM-CANGURU-ESPECIAL-PIGEON-M,3,deny,manual,499.99,TRUE,TRUE,,,,
moletom-canguru-especial-pigeon,,,,,,,Tamanho,G,MOLETOM-CANGURU-ESPECIAL-PIGEON-G,3,deny,manual,499.99,TRUE,TRUE,,,,
moletom-canguru-especial-pigeon,,,,,,,Tamanho,GG,MOLETOM-CANGURU-ESPECIAL-PIGEON-GG,3,deny,manual,499.99,TRUE,TRUE,,,,
moletom-canguru-especial-mcd-anjos,Moletom Canguru Fechado Especial MCD Anjos,<p>Moletom canguru fechado off-white com estampa full print de anjos/esqueletos alados em estilo gravura.</p>,MCD,Moletom,"moletom,mcd,streetwear,moletons",TRUE,Tamanho,P,MOLETOM-CANGURU-ESPECIAL-MCD-ANJOS-P,3,deny,manual,599.99,TRUE,TRUE,,1,Moletom Canguru Fechado Especial MCD Anjos,active
moletom-canguru-especial-mcd-anjos,,,,,,,Tamanho,M,MOLETOM-CANGURU-ESPECIAL-MCD-ANJOS-M,3,deny,manual,599.99,TRUE,TRUE,,,,
moletom-canguru-especial-mcd-anjos,,,,,,,Tamanho,G,MOLETOM-CANGURU-ESPECIAL-MCD-ANJOS-G,3,deny,manual,599.99,TRUE,TRUE,,,,
moletom-canguru-especial-mcd-anjos,,,,,,,Tamanho,GG,MOLETOM-CANGURU-ESPECIAL-MCD-ANJOS-GG,3,deny,manual,599.99,TRUE,TRUE,,,,
moletom-careca-apocalipse,Moletom Careca Apocalipse,<p>Moletom careca (sem capuz) branco/off-white com estampa de caveira com asas douradas/pretas.</p>,Apocalipse,Moletom,"moletom,apocalipse,streetwear,moletons",TRUE,Tamanho,P,MOLETOM-CARECA-APOCALIPSE-P,3,deny,manual,399.99,TRUE,TRUE,,1,Moletom Careca Apocalipse,active
moletom-careca-apocalipse,,,,,,,Tamanho,M,MOLETOM-CARECA-APOCALIPSE-M,3,deny,manual,399.99,TRUE,TRUE,,,,
moletom-careca-apocalipse,,,,,,,Tamanho,G,MOLETOM-CARECA-APOCALIPSE-G,3,deny,manual,399.99,TRUE,TRUE,,,,
moletom-careca-apocalipse,,,,,,,Tamanho,GG,MOLETOM-CARECA-APOCALIPSE-GG,3,deny,manual,399.99,TRUE,TRUE,,,,
moletom-fechado-lost-industries-especial,Moletom Fechado Lost Industries Especial,"<p>Moletom fechado marrom com estampa colorida ""Lost Industries"" e mão-esqueleto.</p>",Lost,Moletom,"moletom,lost,streetwear,moletons",TRUE,Tamanho,P,MOLETOM-FECHADO-LOST-INDUSTRIES-ESPECIAL-P,3,deny,manual,499.99,TRUE,TRUE,,1,Moletom Fechado Lost Industries Especial,active
moletom-fechado-lost-industries-especial,,,,,,,Tamanho,M,MOLETOM-FECHADO-LOST-INDUSTRIES-ESPECIAL-M,3,deny,manual,499.99,TRUE,TRUE,,,,
moletom-fechado-lost-industries-especial,,,,,,,Tamanho,G,MOLETOM-FECHADO-LOST-INDUSTRIES-ESPECIAL-G,3,deny,manual,499.99,TRUE,TRUE,,,,
moletom-fechado-lost-industries-especial,,,,,,,Tamanho,GG,MOLETOM-FECHADO-LOST-INDUSTRIES-ESPECIAL-GG,3,deny,manual,499.99,TRUE,TRUE,,,,
moletom-canguru-insane-joker,Moletom Canguru Insane Joker,"<p>Moletom canguru cinza mescla, patch bordado ""LOST"" e logo de palhaço pequeno.</p>",Lost,Moletom,"moletom,lost,streetwear,moletons",TRUE,Tamanho,P,MOLETOM-CANGURU-INSANE-JOKER-P,3,deny,manual,349.99,TRUE,TRUE,,1,Moletom Canguru Insane Joker,active
moletom-canguru-insane-joker,,,,,,,Tamanho,M,MOLETOM-CANGURU-INSANE-JOKER-M,3,deny,manual,349.99,TRUE,TRUE,,,,
moletom-canguru-insane-joker,,,,,,,Tamanho,G,MOLETOM-CANGURU-INSANE-JOKER-G,3,deny,manual,349.99,TRUE,TRUE,,,,
moletom-canguru-insane-joker,,,,,,,Tamanho,GG,MOLETOM-CANGURU-INSANE-JOKER-GG,3,deny,manual,349.99,TRUE,TRUE,,,,
moletom-canguru-joker-brilha-no-escuro,Moletom Canguru Joker Brilha no Escuro,"<p>Moletom canguru roxo/vinho, mesma linha do Insane Joker, com patch redondo ""brilha no escuro"".</p>",Lost,Moletom,"moletom,lost,streetwear,moletons",TRUE,Tamanho,P,MOLETOM-CANGURU-JOKER-BRILHA-NO-ESCURO-P,3,deny,manual,349.99,TRUE,TRUE,,1,Moletom Canguru Joker Brilha no Escuro,active
moletom-canguru-joker-brilha-no-escuro,,,,,,,Tamanho,M,MOLETOM-CANGURU-JOKER-BRILHA-NO-ESCURO-M,3,deny,manual,349.99,TRUE,TRUE,,,,
moletom-canguru-joker-brilha-no-escuro,,,,,,,Tamanho,G,MOLETOM-CANGURU-JOKER-BRILHA-NO-ESCURO-G,3,deny,manual,349.99,TRUE,TRUE,,,,
moletom-canguru-joker-brilha-no-escuro,,,,,,,Tamanho,GG,MOLETOM-CANGURU-JOKER-BRILHA-NO-ESCURO-GG,3,deny,manual,349.99,TRUE,TRUE,,,,
moletom-canguru-lost-saturn,Moletom Canguru Lost Saturn,<p>Moletom canguru preto com estampa grafite branca grande no braço/peito.</p>,Lost,Moletom,"moletom,lost,streetwear,moletons",TRUE,Tamanho,P,MOLETOM-CANGURU-LOST-SATURN-P,3,deny,manual,399.99,TRUE,TRUE,,1,Moletom Canguru Lost Saturn,active
moletom-canguru-lost-saturn,,,,,,,Tamanho,M,MOLETOM-CANGURU-LOST-SATURN-M,3,deny,manual,399.99,TRUE,TRUE,,,,
moletom-canguru-lost-saturn,,,,,,,Tamanho,G,MOLETOM-CANGURU-LOST-SATURN-G,3,deny,manual,399.99,TRUE,TRUE,,,,
moletom-canguru-lost-saturn,,,,,,,Tamanho,GG,MOLETOM-CANGURU-LOST-SATURN-GG,3,deny,manual,399.99,TRUE,TRUE,,,,
moletom-canguru-quiksilver-3-cabos,Moletom Canguru Quiksilver 3 Cabos,"<p>Moletom canguru Quiksilver 3 cabos, disponível em várias cores (off-white, pink, vinho, preto).</p>",Quiksilver,Moletom,"moletom,quiksilver,streetwear,moletons",TRUE,Tamanho,P,MOLETOM-CANGURU-QUIKSILVER-3-CABOS-P,3,deny,manual,199.99,TRUE,TRUE,,1,Moletom Canguru Quiksilver 3 Cabos,active
moletom-canguru-quiksilver-3-cabos,,,,,,,Tamanho,M,MOLETOM-CANGURU-QUIKSILVER-3-CABOS-M,3,deny,manual,199.99,TRUE,TRUE,,,,
moletom-canguru-quiksilver-3-cabos,,,,,,,Tamanho,G,MOLETOM-CANGURU-QUIKSILVER-3-CABOS-G,3,deny,manual,199.99,TRUE,TRUE,,,,
moletom-canguru-quiksilver-3-cabos,,,,,,,Tamanho,GG,MOLETOM-CANGURU-QUIKSILVER-3-CABOS-GG,3,deny,manual,199.99,TRUE,TRUE,,,,
moletom-canguru-monkey-recorte,Moletom Canguru Monkey Recorte,"<p>Moletom canguru preto com recorte verde-oliva no capuz/ombro e bordado ""M"".</p>",Monkey,Moletom,"moletom,monkey,streetwear,moletons",TRUE,Tamanho,P,MOLETOM-CANGURU-MONKEY-RECORTE-P,3,deny,manual,359.99,TRUE,TRUE,,1,Moletom Canguru Monkey Recorte,active
moletom-canguru-monkey-recorte,,,,,,,Tamanho,M,MOLETOM-CANGURU-MONKEY-RECORTE-M,3,deny,manual,359.99,TRUE,TRUE,,,,
moletom-canguru-monkey-recorte,,,,,,,Tamanho,G,MOLETOM-CANGURU-MONKEY-RECORTE-G,3,deny,manual,359.99,TRUE,TRUE,,,,
moletom-canguru-monkey-recorte,,,,,,,Tamanho,GG,MOLETOM-CANGURU-MONKEY-RECORTE-GG,3,deny,manual,359.99,TRUE,TRUE,,,,
moletom-canguru-brothas-cash-classica,Moletom Canguru Brothas & Cash Clássica das Ruas,"<p>Moletom canguru mostarda/caramelo, estampa ""Brothas & Cash"" e ""Clássica das Ruas"".</p>",Brothas & Cash,Moletom,"moletom,brothas-&-cash,streetwear,moletons",TRUE,Tamanho,P,MOLETOM-CANGURU-BROTHAS-CASH-CLASSICA-P,3,deny,manual,319.99,TRUE,TRUE,,1,Moletom Canguru Brothas & Cash Clássica das Ruas,active
moletom-canguru-brothas-cash-classica,,,,,,,Tamanho,M,MOLETOM-CANGURU-BROTHAS-CASH-CLASSICA-M,3,deny,manual,319.99,TRUE,TRUE,,,,
moletom-canguru-brothas-cash-classica,,,,,,,Tamanho,G,MOLETOM-CANGURU-BROTHAS-CASH-CLASSICA-G,3,deny,manual,319.99,TRUE,TRUE,,,,
moletom-canguru-brothas-cash-classica,,,,,,,Tamanho,GG,MOLETOM-CANGURU-BROTHAS-CASH-CLASSICA-GG,3,deny,manual,319.99,TRUE,TRUE,,,,
moletom-canguru-brothas-cash-palhaco,Moletom Canguru Brothas & Cash Palhaço,"<p>Moletom canguru cinza com estampa de palhaço sorrindo ""Brothas & Cash"".</p>",Brothas & Cash,Moletom,"moletom,brothas-&-cash,streetwear,moletons",TRUE,Tamanho,P,MOLETOM-CANGURU-BROTHAS-CASH-PALHACO-P,3,deny,manual,299.99,TRUE,TRUE,,1,Moletom Canguru Brothas & Cash Palhaço,active
moletom-canguru-brothas-cash-palhaco,,,,,,,Tamanho,M,MOLETOM-CANGURU-BROTHAS-CASH-PALHACO-M,3,deny,manual,299.99,TRUE,TRUE,,,,
moletom-canguru-brothas-cash-palhaco,,,,,,,Tamanho,G,MOLETOM-CANGURU-BROTHAS-CASH-PALHACO-G,3,deny,manual,299.99,TRUE,TRUE,,,,
moletom-canguru-brothas-cash-palhaco,,,,,,,Tamanho,GG,MOLETOM-CANGURU-BROTHAS-CASH-PALHACO-GG,3,deny,manual,299.99,TRUE,TRUE,,,,
corta-vento-quiksilver,Corta-Vento Quiksilver,<p>Corta-vento leve cinza/preto com allover print de logos Quiksilver.</p>,Quiksilver,Jaqueta,"jaqueta,quiksilver,streetwear,jaquetas",TRUE,Tamanho,P,CORTA-VENTO-QUIKSILVER-P,3,deny,manual,199.99,TRUE,TRUE,,1,Corta-Vento Quiksilver,active
corta-vento-quiksilver,,,,,,,Tamanho,M,CORTA-VENTO-QUIKSILVER-M,3,deny,manual,199.99,TRUE,TRUE,,,,
corta-vento-quiksilver,,,,,,,Tamanho,G,CORTA-VENTO-QUIKSILVER-G,3,deny,manual,199.99,TRUE,TRUE,,,,
corta-vento-quiksilver,,,,,,,Tamanho,GG,CORTA-VENTO-QUIKSILVER-GG,3,deny,manual,199.99,TRUE,TRUE,,,,
moletom-canguru-chronic-cinza,Moletom Canguru Chronic Cinza,"<p>Moletom canguru cinza com wordmark grande ""Chronic"".</p>",Chronic,Moletom,"moletom,chronic,streetwear,moletons",TRUE,Tamanho,P,MOLETOM-CANGURU-CHRONIC-CINZA-P,3,deny,manual,299.99,TRUE,TRUE,,1,Moletom Canguru Chronic Cinza,active
moletom-canguru-chronic-cinza,,,,,,,Tamanho,M,MOLETOM-CANGURU-CHRONIC-CINZA-M,3,deny,manual,299.99,TRUE,TRUE,,,,
moletom-canguru-chronic-cinza,,,,,,,Tamanho,G,MOLETOM-CANGURU-CHRONIC-CINZA-G,3,deny,manual,299.99,TRUE,TRUE,,,,
moletom-canguru-chronic-cinza,,,,,,,Tamanho,GG,MOLETOM-CANGURU-CHRONIC-CINZA-GG,3,deny,manual,299.99,TRUE,TRUE,,,,
moletom-canguru-maquina62,Moletom Canguru Máquina 62,"<p>Moletom canguru preto com logo dourado ""M"" e etiqueta ""Máquina 62"".</p>",Máquina 62,Moletom,"moletom,máquina-62,streetwear,moletons",TRUE,Tamanho,P,MOLETOM-CANGURU-MAQUINA62-P,3,deny,manual,299.99,TRUE,TRUE,,1,Moletom Canguru Máquina 62,active
moletom-canguru-maquina62,,,,,,,Tamanho,M,MOLETOM-CANGURU-MAQUINA62-M,3,deny,manual,299.99,TRUE,TRUE,,,,
moletom-canguru-maquina62,,,,,,,Tamanho,G,MOLETOM-CANGURU-MAQUINA62-G,3,deny,manual,299.99,TRUE,TRUE,,,,
moletom-canguru-maquina62,,,,,,,Tamanho,GG,MOLETOM-CANGURU-MAQUINA62-GG,3,deny,manual,299.99,TRUE,TRUE,,,,
moletom-ziper-chronic-preto,Moletom de Zíper Chronic Preto,<p>Moletom de zíper preto da linha Chronic.</p>,Chronic,Moletom,"moletom,chronic,streetwear,moletons",TRUE,Tamanho,P,MOLETOM-ZIPER-CHRONIC-PRETO-P,3,deny,manual,299.99,TRUE,TRUE,,1,Moletom de Zíper Chronic Preto,active
moletom-ziper-chronic-preto,,,,,,,Tamanho,M,MOLETOM-ZIPER-CHRONIC-PRETO-M,3,deny,manual,299.99,TRUE,TRUE,,,,
moletom-ziper-chronic-preto,,,,,,,Tamanho,G,MOLETOM-ZIPER-CHRONIC-PRETO-G,3,deny,manual,299.99,TRUE,TRUE,,,,
moletom-ziper-chronic-preto,,,,,,,Tamanho,GG,MOLETOM-ZIPER-CHRONIC-PRETO-GG,3,deny,manual,299.99,TRUE,TRUE,,,,
moletom-ziper-grenich,Moletom de Zíper Grenich,"<p>Moletom de zíper preto com patch ""Outdoor Appreciation Since the Nineties"".</p>",Grenich,Moletom,"moletom,grenich,streetwear,moletons",TRUE,Tamanho,P,MOLETOM-ZIPER-GRENICH-P,3,deny,manual,229.99,TRUE,TRUE,,1,Moletom de Zíper Grenich,active
moletom-ziper-grenich,,,,,,,Tamanho,M,MOLETOM-ZIPER-GRENICH-M,3,deny,manual,229.99,TRUE,TRUE,,,,
moletom-ziper-grenich,,,,,,,Tamanho,G,MOLETOM-ZIPER-GRENICH-G,3,deny,manual,229.99,TRUE,TRUE,,,,
moletom-ziper-grenich,,,,,,,Tamanho,GG,MOLETOM-ZIPER-GRENICH-GG,3,deny,manual,229.99,TRUE,TRUE,,,,
moletom-canguru-chronic-foco-missao,Moletom Canguru Chronic Foco na Missão,"<p>Moletom canguru marrom/turquesa com estampa ""Chronic Foco na Missão"" nas costas e logo globo no peito.</p>",Chronic,Moletom,"moletom,chronic,streetwear,moletons",TRUE,Tamanho,P,MOLETOM-CANGURU-CHRONIC-FOCO-MISSAO-P,3,deny,manual,299.99,TRUE,TRUE,,1,Moletom Canguru Chronic Foco na Missão,active
moletom-canguru-chronic-foco-missao,,,,,,,Tamanho,M,MOLETOM-CANGURU-CHRONIC-FOCO-MISSAO-M,3,deny,manual,299.99,TRUE,TRUE,,,,
moletom-canguru-chronic-foco-missao,,,,,,,Tamanho,G,MOLETOM-CANGURU-CHRONIC-FOCO-MISSAO-G,3,deny,manual,299.99,TRUE,TRUE,,,,
moletom-canguru-chronic-foco-missao,,,,,,,Tamanho,GG,MOLETOM-CANGURU-CHRONIC-FOCO-MISSAO-GG,3,deny,manual,299.99,TRUE,TRUE,,,,
moletom-canguru-chronic-terracota,Moletom Canguru Chronic Terracota,<p>Moletom canguru terracota com bordado verde da Chronic.</p>,Chronic,Moletom,"moletom,chronic,streetwear,moletons",TRUE,Tamanho,P,MOLETOM-CANGURU-CHRONIC-TERRACOTA-P,3,deny,manual,299.99,TRUE,TRUE,,1,Moletom Canguru Chronic Terracota,active
moletom-canguru-chronic-terracota,,,,,,,Tamanho,M,MOLETOM-CANGURU-CHRONIC-TERRACOTA-M,3,deny,manual,299.99,TRUE,TRUE,,,,
moletom-canguru-chronic-terracota,,,,,,,Tamanho,G,MOLETOM-CANGURU-CHRONIC-TERRACOTA-G,3,deny,manual,299.99,TRUE,TRUE,,,,
moletom-canguru-chronic-terracota,,,,,,,Tamanho,GG,MOLETOM-CANGURU-CHRONIC-TERRACOTA-GG,3,deny,manual,299.99,TRUE,TRUE,,,,
chinelo-kenner-branco-amarelo,Chinelo Kenner Summer Branco e Amarelo,"<p>Chinelo Kenner Summer branco com detalhes amarelos e logo ""K"".</p>",Kenner,Chinelo,"chinelo,kenner,streetwear,chinelos",TRUE,Tamanho,Único,CHINELO-KENNER-BRANCO-AMARELO-Único,3,deny,manual,129.99,TRUE,TRUE,,1,Chinelo Kenner Summer Branco e Amarelo,active
chinelo-kenner-branco-pink,Chinelo Kenner Summer Branco e Pink,<p>Chinelo Kenner Summer branco com tira e estampa pink.</p>,Kenner,Chinelo,"chinelo,kenner,streetwear,chinelos",TRUE,Tamanho,Único,CHINELO-KENNER-BRANCO-PINK-Único,3,deny,manual,129.99,TRUE,TRUE,,1,Chinelo Kenner Summer Branco e Pink,active
chinelo-kenner-branco-preto,Chinelo Kenner Summer Branco e Preto,<p>Chinelo Kenner Summer branco com tira e estampa preta.</p>,Kenner,Chinelo,"chinelo,kenner,streetwear,chinelos",TRUE,Tamanho,Único,CHINELO-KENNER-BRANCO-PRETO-Único,3,deny,manual,129.99,TRUE,TRUE,,1,Chinelo Kenner Summer Branco e Preto,active
chinelo-kenner-degrade-laranja-vinho,Chinelo Kenner Summer Degradê Laranja e Vinho,<p>Chinelo Kenner Summer degradê amarelo/vinho com tira laranja.</p>,Kenner,Chinelo,"chinelo,kenner,streetwear,chinelos",TRUE,Tamanho,Único,CHINELO-KENNER-DEGRADE-LARANJA-VINHO-Único,3,deny,manual,129.99,TRUE,TRUE,,1,Chinelo Kenner Summer Degradê Laranja e Vinho,active
chinelo-kenner-preto-turquesa,Chinelo Kenner Summer Preto e Turquesa,<p>Chinelo Kenner Summer preto grafismo com tira turquesa.</p>,Kenner,Chinelo,"chinelo,kenner,streetwear,chinelos",TRUE,Tamanho,Único,CHINELO-KENNER-PRETO-TURQUESA-Único,3,deny,manual,129.99,TRUE,TRUE,,1,Chinelo Kenner Summer Preto e Turquesa,active
bermuda-jeans-monkey-caqui,Bermuda Jeans Monkey Caqui,"<p>Bermuda jeans cáqui Monkey, logo ""M"" bordado.</p>",Monkey,Bermuda,"bermuda,monkey,streetwear,bermudas-calcas",TRUE,Tamanho,38,BERMUDA-JEANS-MONKEY-CAQUI-38,3,deny,manual,159.99,TRUE,TRUE,,1,Bermuda Jeans Monkey Caqui,active
bermuda-jeans-monkey-caqui,,,,,,,Tamanho,40,BERMUDA-JEANS-MONKEY-CAQUI-40,3,deny,manual,159.99,TRUE,TRUE,,,,
bermuda-jeans-monkey-caqui,,,,,,,Tamanho,42,BERMUDA-JEANS-MONKEY-CAQUI-42,3,deny,manual,159.99,TRUE,TRUE,,,,
bermuda-jeans-monkey-caqui,,,,,,,Tamanho,44,BERMUDA-JEANS-MONKEY-CAQUI-44,3,deny,manual,159.99,TRUE,TRUE,,,,
bermuda-jeans-monkey-caqui,,,,,,,Tamanho,46,BERMUDA-JEANS-MONKEY-CAQUI-46,3,deny,manual,159.99,TRUE,TRUE,,,,
bermuda-jeans-monkey-caqui,,,,,,,Tamanho,48,BERMUDA-JEANS-MONKEY-CAQUI-48,3,deny,manual,159.99,TRUE,TRUE,,,,
bermuda-jeans-monkey-caqui,,,,,,,Tamanho,50,BERMUDA-JEANS-MONKEY-CAQUI-50,3,deny,manual,159.99,TRUE,TRUE,,,,
bermuda-jeans-monkey-azul,Bermuda Jeans Monkey Azul,"<p>Bermuda jeans azul claro Monkey, bordado dourado ""M"" e etiqueta ""Farao"".</p>",Monkey,Bermuda,"bermuda,monkey,streetwear,bermudas-calcas",TRUE,Tamanho,38,BERMUDA-JEANS-MONKEY-AZUL-38,3,deny,manual,169.99,TRUE,TRUE,,1,Bermuda Jeans Monkey Azul,active
bermuda-jeans-monkey-azul,,,,,,,Tamanho,40,BERMUDA-JEANS-MONKEY-AZUL-40,3,deny,manual,169.99,TRUE,TRUE,,,,
bermuda-jeans-monkey-azul,,,,,,,Tamanho,42,BERMUDA-JEANS-MONKEY-AZUL-42,3,deny,manual,169.99,TRUE,TRUE,,,,
bermuda-jeans-monkey-azul,,,,,,,Tamanho,44,BERMUDA-JEANS-MONKEY-AZUL-44,3,deny,manual,169.99,TRUE,TRUE,,,,
bermuda-jeans-monkey-azul,,,,,,,Tamanho,46,BERMUDA-JEANS-MONKEY-AZUL-46,3,deny,manual,169.99,TRUE,TRUE,,,,
bermuda-jeans-monkey-azul,,,,,,,Tamanho,48,BERMUDA-JEANS-MONKEY-AZUL-48,3,deny,manual,169.99,TRUE,TRUE,,,,
bermuda-jeans-monkey-azul,,,,,,,Tamanho,50,BERMUDA-JEANS-MONKEY-AZUL-50,3,deny,manual,169.99,TRUE,TRUE,,,,
bermuda-farad-monkey,Bermuda Farad Monkey,<p>Bermuda jeans Monkey linha Farad.</p>,Monkey,Bermuda,"bermuda,monkey,streetwear,bermudas-calcas,preco-a-confirmar",TRUE,Tamanho,38,BERMUDA-FARAD-MONKEY-38,3,deny,manual,169.99,TRUE,TRUE,,1,Bermuda Farad Monkey,active
bermuda-farad-monkey,,,,,,,Tamanho,40,BERMUDA-FARAD-MONKEY-40,3,deny,manual,169.99,TRUE,TRUE,,,,
bermuda-farad-monkey,,,,,,,Tamanho,42,BERMUDA-FARAD-MONKEY-42,3,deny,manual,169.99,TRUE,TRUE,,,,
bermuda-farad-monkey,,,,,,,Tamanho,44,BERMUDA-FARAD-MONKEY-44,3,deny,manual,169.99,TRUE,TRUE,,,,
bermuda-farad-monkey,,,,,,,Tamanho,46,BERMUDA-FARAD-MONKEY-46,3,deny,manual,169.99,TRUE,TRUE,,,,
bermuda-farad-monkey,,,,,,,Tamanho,48,BERMUDA-FARAD-MONKEY-48,3,deny,manual,169.99,TRUE,TRUE,,,,
bermuda-farad-monkey,,,,,,,Tamanho,50,BERMUDA-FARAD-MONKEY-50,3,deny,manual,169.99,TRUE,TRUE,,,,
calca-balao-brothas-cash,Calça Balão Brothas & Cash,"<p>Calça balão jeans Brothas & Cash com patch de palhaço e bordado ""B+C"" na barra.</p>",Brothas & Cash,Calça,"calça,brothas-&-cash,streetwear,bermudas-calcas",TRUE,Tamanho,38,CALCA-BALAO-BROTHAS-CASH-38,3,deny,manual,299.99,TRUE,TRUE,,1,Calça Balão Brothas & Cash,active
calca-balao-brothas-cash,,,,,,,Tamanho,40,CALCA-BALAO-BROTHAS-CASH-40,3,deny,manual,299.99,TRUE,TRUE,,,,
calca-balao-brothas-cash,,,,,,,Tamanho,42,CALCA-BALAO-BROTHAS-CASH-42,3,deny,manual,299.99,TRUE,TRUE,,,,
calca-balao-brothas-cash,,,,,,,Tamanho,44,CALCA-BALAO-BROTHAS-CASH-44,3,deny,manual,299.99,TRUE,TRUE,,,,
calca-balao-brothas-cash,,,,,,,Tamanho,46,CALCA-BALAO-BROTHAS-CASH-46,3,deny,manual,299.99,TRUE,TRUE,,,,
calca-balao-brothas-cash,,,,,,,Tamanho,48,CALCA-BALAO-BROTHAS-CASH-48,3,deny,manual,299.99,TRUE,TRUE,,,,
calca-balao-brothas-cash,,,,,,,Tamanho,50,CALCA-BALAO-BROTHAS-CASH-50,3,deny,manual,299.99,TRUE,TRUE,,,,
calca-jeans-bad-nocturnal-shadows,Calça Jeans Bad Nocturnal Shadows,<p>Calça jeans linha Bad Nocturnal Shadows.</p>,Bad,Calça,"calça,bad,streetwear,bermudas-calcas,preco-a-confirmar",TRUE,Tamanho,38,CALCA-JEANS-BAD-NOCTURNAL-SHADOWS-38,3,deny,manual,299.99,TRUE,TRUE,,1,Calça Jeans Bad Nocturnal Shadows,active
calca-jeans-bad-nocturnal-shadows,,,,,,,Tamanho,40,CALCA-JEANS-BAD-NOCTURNAL-SHADOWS-40,3,deny,manual,299.99,TRUE,TRUE,,,,
calca-jeans-bad-nocturnal-shadows,,,,,,,Tamanho,42,CALCA-JEANS-BAD-NOCTURNAL-SHADOWS-42,3,deny,manual,299.99,TRUE,TRUE,,,,
calca-jeans-bad-nocturnal-shadows,,,,,,,Tamanho,44,CALCA-JEANS-BAD-NOCTURNAL-SHADOWS-44,3,deny,manual,299.99,TRUE,TRUE,,,,
calca-jeans-bad-nocturnal-shadows,,,,,,,Tamanho,46,CALCA-JEANS-BAD-NOCTURNAL-SHADOWS-46,3,deny,manual,299.99,TRUE,TRUE,,,,
calca-jeans-bad-nocturnal-shadows,,,,,,,Tamanho,48,CALCA-JEANS-BAD-NOCTURNAL-SHADOWS-48,3,deny,manual,299.99,TRUE,TRUE,,,,
calca-jeans-bad-nocturnal-shadows,,,,,,,Tamanho,50,CALCA-JEANS-BAD-NOCTURNAL-SHADOWS-50,3,deny,manual,299.99,TRUE,TRUE,,,,
bermuda-basquete-lakers-branca,Bermuda Basquete Lakers Branca,"<p>Bermuda de basquete NBA Los Angeles Lakers, branca com detalhes roxo e dourado.</p>",Nike,Bermuda,"bermuda,nike,streetwear,bermudas-calcas",TRUE,Tamanho,P,BERMUDA-BASQUETE-LAKERS-BRANCA-P,3,deny,manual,119.99,TRUE,TRUE,,1,Bermuda Basquete Lakers Branca,active
bermuda-basquete-lakers-branca,,,,,,,Tamanho,M,BERMUDA-BASQUETE-LAKERS-BRANCA-M,3,deny,manual,119.99,TRUE,TRUE,,,,
bermuda-basquete-lakers-branca,,,,,,,Tamanho,G,BERMUDA-BASQUETE-LAKERS-BRANCA-G,3,deny,manual,119.99,TRUE,TRUE,,,,
bermuda-basquete-lakers-branca,,,,,,,Tamanho,GG,BERMUDA-BASQUETE-LAKERS-BRANCA-GG,3,deny,manual,119.99,TRUE,TRUE,,,,
bermuda-basquete-lakers-roxa,Bermuda Basquete Lakers Roxa,"<p>Bermuda de basquete NBA Los Angeles Lakers, roxa com detalhes preto e dourado.</p>",Nike,Bermuda,"bermuda,nike,streetwear,bermudas-calcas",TRUE,Tamanho,P,BERMUDA-BASQUETE-LAKERS-ROXA-P,3,deny,manual,119.99,TRUE,TRUE,,1,Bermuda Basquete Lakers Roxa,active
bermuda-basquete-lakers-roxa,,,,,,,Tamanho,M,BERMUDA-BASQUETE-LAKERS-ROXA-M,3,deny,manual,119.99,TRUE,TRUE,,,,
bermuda-basquete-lakers-roxa,,,,,,,Tamanho,G,BERMUDA-BASQUETE-LAKERS-ROXA-G,3,deny,manual,119.99,TRUE,TRUE,,,,
bermuda-basquete-lakers-roxa,,,,,,,Tamanho,GG,BERMUDA-BASQUETE-LAKERS-ROXA-GG,3,deny,manual,119.99,TRUE,TRUE,,,,
bermuda-basquete-lakers-dourada,Bermuda Basquete Lakers Dourada,"<p>Bermuda de basquete NBA Los Angeles Lakers, dourada com detalhes roxo e branco.</p>",Nike,Bermuda,"bermuda,nike,streetwear,bermudas-calcas",TRUE,Tamanho,P,BERMUDA-BASQUETE-LAKERS-DOURADA-P,3,deny,manual,119.99,TRUE,TRUE,,1,Bermuda Basquete Lakers Dourada,active
bermuda-basquete-lakers-dourada,,,,,,,Tamanho,M,BERMUDA-BASQUETE-LAKERS-DOURADA-M,3,deny,manual,119.99,TRUE,TRUE,,,,
bermuda-basquete-lakers-dourada,,,,,,,Tamanho,G,BERMUDA-BASQUETE-LAKERS-DOURADA-G,3,deny,manual,119.99,TRUE,TRUE,,,,
bermuda-basquete-lakers-dourada,,,,,,,Tamanho,GG,BERMUDA-BASQUETE-LAKERS-DOURADA-GG,3,deny,manual,119.99,TRUE,TRUE,,,,
bermuda-basquete-jordan-jumpman-preta,Bermuda Basquete Jordan Jumpman Preta,<p>Bermuda de basquete Jordan Jumpman preta com detalhes brancos.</p>,Jordan,Bermuda,"bermuda,jordan,streetwear,bermudas-calcas",TRUE,Tamanho,P,BERMUDA-BASQUETE-JORDAN-JUMPMAN-PRETA-P,3,deny,manual,119.99,TRUE,TRUE,,1,Bermuda Basquete Jordan Jumpman Preta,active
bermuda-basquete-jordan-jumpman-preta,,,,,,,Tamanho,M,BERMUDA-BASQUETE-JORDAN-JUMPMAN-PRETA-M,3,deny,manual,119.99,TRUE,TRUE,,,,
bermuda-basquete-jordan-jumpman-preta,,,,,,,Tamanho,G,BERMUDA-BASQUETE-JORDAN-JUMPMAN-PRETA-G,3,deny,manual,119.99,TRUE,TRUE,,,,
bermuda-basquete-jordan-jumpman-preta,,,,,,,Tamanho,GG,BERMUDA-BASQUETE-JORDAN-JUMPMAN-PRETA-GG,3,deny,manual,119.99,TRUE,TRUE,,,,
bermuda-basquete-jordan-jumpman-branca,Bermuda Basquete Jordan Jumpman Branca,<p>Bermuda de basquete Jordan Jumpman branca com detalhes pretos.</p>,Jordan,Bermuda,"bermuda,jordan,streetwear,bermudas-calcas",TRUE,Tamanho,P,BERMUDA-BASQUETE-JORDAN-JUMPMAN-BRANCA-P,3,deny,manual,119.99,TRUE,TRUE,,1,Bermuda Basquete Jordan Jumpman Branca,active
bermuda-basquete-jordan-jumpman-branca,,,,,,,Tamanho,M,BERMUDA-BASQUETE-JORDAN-JUMPMAN-BRANCA-M,3,deny,manual,119.99,TRUE,TRUE,,,,
bermuda-basquete-jordan-jumpman-branca,,,,,,,Tamanho,G,BERMUDA-BASQUETE-JORDAN-JUMPMAN-BRANCA-G,3,deny,manual,119.99,TRUE,TRUE,,,,
bermuda-basquete-jordan-jumpman-branca,,,,,,,Tamanho,GG,BERMUDA-BASQUETE-JORDAN-JUMPMAN-BRANCA-GG,3,deny,manual,119.99,TRUE,TRUE,,,,
bermuda-pixa-in,Bermuda Balão Pixa In,<p>Bermuda balão jeans linha Pixa In.</p>,Pixa In,Bermuda,"bermuda,pixa-in,streetwear,bermudas-calcas,preco-a-confirmar",TRUE,Tamanho,38,BERMUDA-PIXA-IN-38,3,deny,manual,220.00,TRUE,TRUE,,1,Bermuda Balão Pixa In,active
bermuda-pixa-in,,,,,,,Tamanho,40,BERMUDA-PIXA-IN-40,3,deny,manual,220.00,TRUE,TRUE,,,,
bermuda-pixa-in,,,,,,,Tamanho,42,BERMUDA-PIXA-IN-42,3,deny,manual,220.00,TRUE,TRUE,,,,
bermuda-pixa-in,,,,,,,Tamanho,44,BERMUDA-PIXA-IN-44,3,deny,manual,220.00,TRUE,TRUE,,,,
bermuda-pixa-in,,,,,,,Tamanho,46,BERMUDA-PIXA-IN-46,3,deny,manual,220.00,TRUE,TRUE,,,,
bermuda-pixa-in,,,,,,,Tamanho,48,BERMUDA-PIXA-IN-48,3,deny,manual,220.00,TRUE,TRUE,,,,
bermuda-pixa-in,,,,,,,Tamanho,50,BERMUDA-PIXA-IN-50,3,deny,manual,220.00,TRUE,TRUE,,,,
bombojaco-infantil-gangster-marrom,Bombojaco Infantil Gangster Marrom,"<p>Bombojaco infantil Gangster marrom com faixa bege (04 a 08 anos), patch de borracha ""Gangster"".</p>",Gangster,Jaqueta,"jaqueta,gangster,streetwear,infantil",TRUE,Tamanho,4,BOMBOJACO-INFANTIL-GANGSTER-MARROM-4,3,deny,manual,199.99,TRUE,TRUE,,1,Bombojaco Infantil Gangster Marrom,active
bombojaco-infantil-gangster-marrom,,,,,,,Tamanho,6,BOMBOJACO-INFANTIL-GANGSTER-MARROM-6,3,deny,manual,199.99,TRUE,TRUE,,,,
bombojaco-infantil-gangster-marrom,,,,,,,Tamanho,8,BOMBOJACO-INFANTIL-GANGSTER-MARROM-8,3,deny,manual,199.99,TRUE,TRUE,,,,
bombojaco-infantil-gangster-azul-marinho,Bombojaco Infantil Gangster Azul-Marinho,"<p>Bombojaco infantil Gangster azul-marinho com faixa oliva (04 a 08 anos), patch de borracha ""Gangster"".</p>",Gangster,Jaqueta,"jaqueta,gangster,streetwear,infantil",TRUE,Tamanho,4,BOMBOJACO-INFANTIL-GANGSTER-AZUL-MARINHO-4,3,deny,manual,199.99,TRUE,TRUE,,1,Bombojaco Infantil Gangster Azul-Marinho,active
bombojaco-infantil-gangster-azul-marinho,,,,,,,Tamanho,6,BOMBOJACO-INFANTIL-GANGSTER-AZUL-MARINHO-6,3,deny,manual,199.99,TRUE,TRUE,,,,
bombojaco-infantil-gangster-azul-marinho,,,,,,,Tamanho,8,BOMBOJACO-INFANTIL-GANGSTER-AZUL-MARINHO-8,3,deny,manual,199.99,TRUE,TRUE,,,,
moletom-gangster-vinho,Moletom Infantil Gangster Vinho,"<p>Moletom infantil Gangster em tecido texturado, cor vinho (04 a 16 anos).</p>",Gangster,Moletom,"moletom,gangster,streetwear,infantil",TRUE,Tamanho,4,MOLETOM-GANGSTER-VINHO-4,3,deny,manual,149.99,TRUE,TRUE,,1,Moletom Infantil Gangster Vinho,active
moletom-gangster-vinho,,,,,,,Tamanho,6,MOLETOM-GANGSTER-VINHO-6,3,deny,manual,149.99,TRUE,TRUE,,,,
moletom-gangster-vinho,,,,,,,Tamanho,8,MOLETOM-GANGSTER-VINHO-8,3,deny,manual,149.99,TRUE,TRUE,,,,
moletom-gangster-vinho,,,,,,,Tamanho,10,MOLETOM-GANGSTER-VINHO-10,3,deny,manual,149.99,TRUE,TRUE,,,,
moletom-gangster-vinho,,,,,,,Tamanho,12,MOLETOM-GANGSTER-VINHO-12,3,deny,manual,149.99,TRUE,TRUE,,,,
moletom-gangster-vinho,,,,,,,Tamanho,14,MOLETOM-GANGSTER-VINHO-14,3,deny,manual,149.99,TRUE,TRUE,,,,
moletom-gangster-vinho,,,,,,,Tamanho,16,MOLETOM-GANGSTER-VINHO-16,3,deny,manual,149.99,TRUE,TRUE,,,,
moletom-infantil-gangster-azul-marinho,Moletom Infantil Gangster Azul-Marinho,"<p>Moletom infantil Gangster bicolor azul-marinho/caramelo (10 a 16 anos), patch cursivo ""Gangster"".</p>",Gangster,Moletom,"moletom,gangster,streetwear,infantil",TRUE,Tamanho,10,MOLETOM-INFANTIL-GANGSTER-AZUL-MARINHO-10,3,deny,manual,149.99,TRUE,TRUE,,1,Moletom Infantil Gangster Azul-Marinho,active
moletom-infantil-gangster-azul-marinho,,,,,,,Tamanho,12,MOLETOM-INFANTIL-GANGSTER-AZUL-MARINHO-12,3,deny,manual,149.99,TRUE,TRUE,,,,
moletom-infantil-gangster-azul-marinho,,,,,,,Tamanho,14,MOLETOM-INFANTIL-GANGSTER-AZUL-MARINHO-14,3,deny,manual,149.99,TRUE,TRUE,,,,
moletom-infantil-gangster-azul-marinho,,,,,,,Tamanho,16,MOLETOM-INFANTIL-GANGSTER-AZUL-MARINHO-16,3,deny,manual,149.99,TRUE,TRUE,,,,
bone-lacoste-roxo,Boné Lacoste Roxo,"<p>Boné Lacoste roxo, aba com friso branco e patch bordado do jacaré.</p>",Lacoste,Boné,"boné,lacoste,streetwear,bones",TRUE,Tamanho,Único,BONE-LACOSTE-ROXO-Único,3,deny,manual,59.99,TRUE,TRUE,,1,Boné Lacoste Roxo,active
bone-quiksilver-caramelo,Boné Quiksilver Caramelo Listrado,"<p>Boné Quiksilver caramelo com bordado listrado colorido e logo ""Quiksilver"".</p>",Quiksilver,Boné,"boné,quiksilver,streetwear,bones",TRUE,Tamanho,Único,BONE-QUIKSILVER-CARAMELO-Único,3,deny,manual,59.99,TRUE,TRUE,,1,Boné Quiksilver Caramelo Listrado,active
bone-quiksilver-preto-onda,Boné Quiksilver Preto Onda,"<p>Boné Quiksilver preto com logo onda em contorno cinza e ""Silver"" em laranja.</p>",Quiksilver,Boné,"boné,quiksilver,streetwear,bones",TRUE,Tamanho,Único,BONE-QUIKSILVER-PRETO-ONDA-Único,3,deny,manual,59.99,TRUE,TRUE,,1,Boné Quiksilver Preto Onda,active
bone-quiksilver-laranja,Boné Quiksilver Laranja,"<p>Boné Quiksilver laranja com logo da montanha e ""Q"" bordados em preto.</p>",Quiksilver,Boné,"boné,quiksilver,streetwear,bones",TRUE,Tamanho,Único,BONE-QUIKSILVER-LARANJA-Único,3,deny,manual,59.99,TRUE,TRUE,,1,Boné Quiksilver Laranja,active
bone-quiksilver-quik-preto,Boné Quiksilver Quik Preto Limited Edition,"<p>Boné Quiksilver preto, estampa ""QUIK"" branca com contorno dourado, edição limitada.</p>",Quiksilver,Boné,"boné,quiksilver,streetwear,bones",TRUE,Tamanho,Único,BONE-QUIKSILVER-QUIK-PRETO-Único,3,deny,manual,59.99,TRUE,TRUE,,1,Boné Quiksilver Quik Preto Limited Edition,active
