Handle,Title,Body (HTML),Vendor,Product Category,Type,Tags,Published,Option1 Name,Option1 Value,Variant SKU,Variant Grams,Variant Inventory Tracker,Variant Inventory Qty,Variant Inventory Policy,Variant Fulfillment Service,Variant Price,Variant Compare At Price,Variant Requires Shipping,Variant Taxable,Variant Barcode,Image Src,Image Position,Image Alt Text,Variant Image,Gift Card,SEO Title,SEO Description,Status
oculos-plantaris-1,Plantaris,"<p>Arrojado e imponente — a armação mais procurada da coleção.</p><p>Óculos Plantaris com proteção UV400 e lente polarizada. Estoque próprio, envio rápido para todo o Brasil.</p>",Monster Lupas,,Óculos de Sol,"categoria-esportiva, colecao-performance",TRUE,Cor,Matte Bone Lente Gold,ML-OCULOS-PLANTARIS-1-01,120,,,continue,manual,179.90,297.90,TRUE,TRUE,,https://monsterlupas.com.br/api/public/image/oculos-plantaris-1/image-0.jpg?w=1200,1,Plantaris — Matte Bone Lente Gold,https://monsterlupas.com.br/api/public/image/oculos-plantaris-1/image-0.jpg?w=1200,FALSE,Plantaris — Monster Lupas,Arrojado e imponente — a armação mais procurada da coleção.,active
oculos-plantaris-1,,,,,,,,,Preta Lente Ruby,ML-OCULOS-PLANTARIS-1-02,120,,,continue,manual,179.90,297.90,TRUE,TRUE,,https://monsterlupas.com.br/api/public/image/oculos-plantaris-1/image-1.jpg?w=1200,2,Plantaris — Preta Lente Ruby,https://monsterlupas.com.br/api/public/image/oculos-plantaris-1/image-1.jpg?w=1200,,,,
oculos-plantaris-1,,,,,,,,,Preta Lente Preta,ML-OCULOS-PLANTARIS-1-03,120,,,continue,manual,179.90,297.90,TRUE,TRUE,,https://monsterlupas.com.br/api/public/image/oculos-plantaris-1/image-2.jpg?w=1200,3,Plantaris — Preta Lente Preta,https://monsterlupas.com.br/api/public/image/oculos-plantaris-1/image-2.jpg?w=1200,,,,
oculos-plantaris-1,,,,,,,,,Preta Haste Transparente,ML-OCULOS-PLANTARIS-1-04,120,,,continue,manual,179.90,297.90,TRUE,TRUE,,https://monsterlupas.com.br/api/public/image/oculos-plantaris-1/image-3.jpg?w=1200,4,Plantaris — Preta Haste Transparente,https://monsterlupas.com.br/api/public/image/oculos-plantaris-1/image-3.jpg?w=1200,,,,
oculos-plantaris-1,,,,,,,,,Cinza Lente Preta,ML-OCULOS-PLANTARIS-1-05,120,,,continue,manual,179.90,297.90,TRUE,TRUE,,https://monsterlupas.com.br/api/public/image/oculos-plantaris-1/image-4.jpg?w=1200,5,Plantaris — Cinza Lente Preta,https://monsterlupas.com.br/api/public/image/oculos-plantaris-1/image-4.jpg?w=1200,,,,
oculos-plantaris-1,,,,,,,,,Verde Lente VR28,ML-OCULOS-PLANTARIS-1-06,120,,,continue,manual,179.90,297.90,TRUE,TRUE,,https://monsterlupas.com.br/api/public/image/oculos-plantaris-1/image-6.jpg?w=1200,6,Plantaris — Verde Lente VR28,https://monsterlupas.com.br/api/public/image/oculos-plantaris-1/image-6.jpg?w=1200,,,,
oculos-plantaris-1,,,,,,,,,Piet Lente VR28,ML-OCULOS-PLANTARIS-1-07,120,,,continue,manual,179.90,297.90,TRUE,TRUE,,https://monsterlupas.com.br/api/public/image/oculos-plantaris-1/image-7.jpg?w=1200,7,Plantaris — Piet Lente VR28,https://monsterlupas.com.br/api/public/image/oculos-plantaris-1/image-7.jpg?w=1200,,,,
oculos-plantaris-1,,,,,,,,,Cinza Lente Ruby,ML-OCULOS-PLANTARIS-1-08,120,,,continue,manual,179.90,297.90,TRUE,TRUE,,https://monsterlupas.com.br/api/public/image/oculos-plantaris-1/image-8.jpg?w=1200,8,Plantaris — Cinza Lente Ruby,https://monsterlupas.com.br/api/public/image/oculos-plantaris-1/image-8.jpg?w=1200,,,,
oculos-plantaris-1,,,,,,,,,Azul Escuro Lente Preta,ML-OCULOS-PLANTARIS-1-09,120,,,continue,manual,179.90,297.90,TRUE,TRUE,,https://monsterlupas.com.br/api/public/image/oculos-plantaris-1/image-9.jpg?w=1200,9,Plantaris — Azul Escuro Lente Preta,https://monsterlupas.com.br/api/public/image/oculos-plantaris-1/image-9.jpg?w=1200,,,,
oculos-plantaris-1,,,,,,,,,Cinza Lente Azul,ML-OCULOS-PLANTARIS-1-10,120,,,continue,manual,179.90,297.90,TRUE,TRUE,,https://monsterlupas.com.br/api/public/image/oculos-plantaris-1/image-11.png?w=1200,10,Plantaris — Cinza Lente Azul,https://monsterlupas.com.br/api/public/image/oculos-plantaris-1/image-11.png?w=1200,,,,
oculos-plantaris-1,,,,,,,,,Cinza Lente Gold,ML-OCULOS-PLANTARIS-1-11,120,,,continue,manual,179.90,297.90,TRUE,TRUE,,https://monsterlupas.com.br/api/public/image/oculos-plantaris-1/image-12.png?w=1200,11,Plantaris — Cinza Lente Gold,https://monsterlupas.com.br/api/public/image/oculos-plantaris-1/image-12.png?w=1200,,,,
oculos-plantaris-1,,,,,,,,,Cinza Lente VR28,ML-OCULOS-PLANTARIS-1-12,120,,,continue,manual,179.90,297.90,TRUE,TRUE,,https://monsterlupas.com.br/api/public/image/oculos-plantaris-1/image-15.png?w=1200,12,Plantaris — Cinza Lente VR28,https://monsterlupas.com.br/api/public/image/oculos-plantaris-1/image-15.png?w=1200,,,,
oculos-plate,Plate,"<p>Clássico atemporal, com armação plana e acabamento premium.</p><p>Óculos Plate com proteção UV400 e lente polarizada. Estoque próprio, envio rápido para todo o Brasil.</p>",Monster Lupas,,Óculos de Sol,categoria-x-metal,TRUE,Cor,Carbon Lente Ruby,ML-OCULOS-PLATE-01,120,,,continue,manual,179.90,297.90,TRUE,TRUE,,https://monsterlupas.com.br/api/public/image/oculos-plate/image-0.webp?w=1200,1,Plate — Carbon Lente Ruby,https://monsterlupas.com.br/api/public/image/oculos-plate/image-0.webp?w=1200,FALSE,Plate — Monster Lupas,"Clássico atemporal, com armação plana e acabamento premium.",active
oculos-plate,,,,,,,,,Bege Lente Gold Café,ML-OCULOS-PLATE-02,120,,,continue,manual,179.90,297.90,TRUE,TRUE,,https://monsterlupas.com.br/api/public/image/oculos-plate/image-1.webp?w=1200,2,Plate — Bege Lente Gold Café,https://monsterlupas.com.br/api/public/image/oculos-plate/image-1.webp?w=1200,,,,
oculos-plate,,,,,,,,,Bege Lente Espelhada,ML-OCULOS-PLATE-03,120,,,continue,manual,179.90,297.90,TRUE,TRUE,,https://monsterlupas.com.br/api/public/image/oculos-plate/image-2.webp?w=1200,3,Plate — Bege Lente Espelhada,https://monsterlupas.com.br/api/public/image/oculos-plate/image-2.webp?w=1200,,,,
oculos-plate,,,,,,,,,Carbon Lente Espelhada,ML-OCULOS-PLATE-04,120,,,continue,manual,179.90,297.90,TRUE,TRUE,,https://monsterlupas.com.br/api/public/image/oculos-plate/image-3.webp?w=1200,4,Plate — Carbon Lente Espelhada,https://monsterlupas.com.br/api/public/image/oculos-plate/image-3.webp?w=1200,,,,
oculos-plate,,,,,,,,,Xmetal Lente Preta,ML-OCULOS-PLATE-05,120,,,continue,manual,179.90,297.90,TRUE,TRUE,,https://monsterlupas.com.br/api/public/image/oculos-plate/image-4.webp?w=1200,5,Plate — Xmetal Lente Preta,https://monsterlupas.com.br/api/public/image/oculos-plate/image-4.webp?w=1200,,,,
oculos-plate,,,,,,,,,Carbon Lente Preta,ML-OCULOS-PLATE-06,120,,,continue,manual,179.90,297.90,TRUE,TRUE,,https://monsterlupas.com.br/api/public/image/oculos-plate/image-5.webp?w=1200,6,Plate — Carbon Lente Preta,https://monsterlupas.com.br/api/public/image/oculos-plate/image-5.webp?w=1200,,,,
oculos-plate,,,,,,,,,Cooper Lente VR28,ML-OCULOS-PLATE-07,120,,,continue,manual,179.90,297.90,TRUE,TRUE,,https://monsterlupas.com.br/api/public/image/oculos-plate/image-6.png?w=1200,7,Plate — Cooper Lente VR28,https://monsterlupas.com.br/api/public/image/oculos-plate/image-6.png?w=1200,,,,
oculos-plate,,,,,,,,,Plasma Lente Dark Ruby,ML-OCULOS-PLATE-08,120,,,continue,manual,179.90,297.90,TRUE,TRUE,,https://monsterlupas.com.br/api/public/image/oculos-plate/image-7.webp?w=1200,8,Plate — Plasma Lente Dark Ruby,https://monsterlupas.com.br/api/public/image/oculos-plate/image-7.webp?w=1200,,,,
oculos-plate,,,,,,,,,Plasma Lente Gold Café,ML-OCULOS-PLATE-09,120,,,continue,manual,179.90,297.90,TRUE,TRUE,,https://monsterlupas.com.br/api/public/image/oculos-plate/image-8.webp?w=1200,9,Plate — Plasma Lente Gold Café,https://monsterlupas.com.br/api/public/image/oculos-plate/image-8.webp?w=1200,,,,
oculos-minute,Minute,"<p>Esportivo e leve — o maior leque de cores da Monster Lupas.</p><p>Óculos Minute com proteção UV400 e lente polarizada. Estoque próprio, envio rápido para todo o Brasil.</p>",Monster Lupas,,Óculos de Sol,"categoria-esportiva, colecao-performance",TRUE,Cor,Azul Lente Ice,ML-OCULOS-MINUTE-01,120,,,continue,manual,179.90,297.90,TRUE,TRUE,,https://monsterlupas.com.br/api/public/image/oculos-minute/image-0.png?w=1200,1,Minute — Azul Lente Ice,https://monsterlupas.com.br/api/public/image/oculos-minute/image-0.png?w=1200,FALSE,Minute — Monster Lupas,Esportivo e leve — o maior leque de cores da Monster Lupas.,active
oculos-minute,,,,,,,,,Cinza Lente Preta,ML-OCULOS-MINUTE-02,120,,,continue,manual,179.90,297.90,TRUE,TRUE,,https://monsterlupas.com.br/api/public/image/oculos-minute/image-1.png?w=1200,2,Minute — Cinza Lente Preta,https://monsterlupas.com.br/api/public/image/oculos-minute/image-1.png?w=1200,,,,
oculos-minute,,,,,,,,,Cinza Lente Dark Ruby,ML-OCULOS-MINUTE-03,120,,,continue,manual,179.90,297.90,TRUE,TRUE,,https://monsterlupas.com.br/api/public/image/oculos-minute/image-2.png?w=1200,3,Minute — Cinza Lente Dark Ruby,https://monsterlupas.com.br/api/public/image/oculos-minute/image-2.png?w=1200,,,,
oculos-minute,,,,,,,,,Cooper Lente Ruby,ML-OCULOS-MINUTE-04,120,,,continue,manual,179.90,297.90,TRUE,TRUE,,https://monsterlupas.com.br/api/public/image/oculos-minute/image-3.png?w=1200,4,Minute — Cooper Lente Ruby,https://monsterlupas.com.br/api/public/image/oculos-minute/image-3.png?w=1200,,,,
oculos-minute,,,,,,,,,Preta Lente Preta,ML-OCULOS-MINUTE-05,120,,,continue,manual,179.90,297.90,TRUE,TRUE,,https://monsterlupas.com.br/api/public/image/oculos-minute/image-4.png?w=1200,5,Minute — Preta Lente Preta,https://monsterlupas.com.br/api/public/image/oculos-minute/image-4.png?w=1200,,,,
oculos-minute,,,,,,,,,Branca Lente Torch,ML-OCULOS-MINUTE-06,120,,,continue,manual,179.90,297.90,TRUE,TRUE,,https://monsterlupas.com.br/api/public/image/oculos-minute/image-5.png?w=1200,6,Minute — Branca Lente Torch,https://monsterlupas.com.br/api/public/image/oculos-minute/image-5.png?w=1200,,,,
oculos-minute,,,,,,,,,Branca Lente Dark Ruby,ML-OCULOS-MINUTE-07,120,,,continue,manual,179.90,297.90,TRUE,TRUE,,https://monsterlupas.com.br/api/public/image/oculos-minute/image-6.png?w=1200,7,Minute — Branca Lente Dark Ruby,https://monsterlupas.com.br/api/public/image/oculos-minute/image-6.png?w=1200,,,,
oculos-minute,,,,,,,,,Marrom Lente Gold,ML-OCULOS-MINUTE-08,120,,,continue,manual,179.90,297.90,TRUE,TRUE,,https://monsterlupas.com.br/api/public/image/oculos-minute/image-7.png?w=1200,8,Minute — Marrom Lente Gold,https://monsterlupas.com.br/api/public/image/oculos-minute/image-7.png?w=1200,,,,
oculos-minute,,,,,,,,,Preta Lente Ice,ML-OCULOS-MINUTE-09,120,,,continue,manual,179.90,297.90,TRUE,TRUE,,https://monsterlupas.com.br/api/public/image/oculos-minute/image-8.png?w=1200,9,Minute — Preta Lente Ice,https://monsterlupas.com.br/api/public/image/oculos-minute/image-8.png?w=1200,,,,
oculos-minute,,,,,,,,,Grafite Lente Preta,ML-OCULOS-MINUTE-10,120,,,continue,manual,179.90,297.90,TRUE,TRUE,,https://monsterlupas.com.br/api/public/image/oculos-minute/image-9.png?w=1200,10,Minute — Grafite Lente Preta,https://monsterlupas.com.br/api/public/image/oculos-minute/image-9.png?w=1200,,,,
oculos-minute,,,,,,,,,Preta Lente Torch,ML-OCULOS-MINUTE-11,120,,,continue,manual,179.90,297.90,TRUE,TRUE,,https://monsterlupas.com.br/api/public/image/oculos-minute/image-10.png?w=1200,11,Minute — Preta Lente Torch,https://monsterlupas.com.br/api/public/image/oculos-minute/image-10.png?w=1200,,,,
oculos-minute,,,,,,,,,Azul Lente Dark Ruby,ML-OCULOS-MINUTE-12,120,,,continue,manual,179.90,297.90,TRUE,TRUE,,https://monsterlupas.com.br/api/public/image/oculos-minute/image-11.png?w=1200,12,Minute — Azul Lente Dark Ruby,https://monsterlupas.com.br/api/public/image/oculos-minute/image-11.png?w=1200,,,,
oculos-minute,,,,,,,,,Preta Lente Ruby,ML-OCULOS-MINUTE-13,120,,,continue,manual,179.90,297.90,TRUE,TRUE,,https://monsterlupas.com.br/api/public/image/oculos-minute/image-12.png?w=1200,13,Minute — Preta Lente Ruby,https://monsterlupas.com.br/api/public/image/oculos-minute/image-12.png?w=1200,,,,
oculos-minute,,,,,,,,,Preta Lente Gold,ML-OCULOS-MINUTE-14,120,,,continue,manual,179.90,297.90,TRUE,TRUE,,https://monsterlupas.com.br/api/public/image/oculos-minute/image-13.png?w=1200,14,Minute — Preta Lente Gold,https://monsterlupas.com.br/api/public/image/oculos-minute/image-13.png?w=1200,,,,
oculos-minute,,,,,,,,,Preta Lente Roxa,ML-OCULOS-MINUTE-15,120,,,continue,manual,179.90,297.90,TRUE,TRUE,,https://monsterlupas.com.br/api/public/image/oculos-minute/image-14.png?w=1200,15,Minute — Preta Lente Roxa,https://monsterlupas.com.br/api/public/image/oculos-minute/image-14.png?w=1200,,,,
oculos-minute,,,,,,,,,Preta Lente Rosa,ML-OCULOS-MINUTE-16,120,,,continue,manual,179.90,297.90,TRUE,TRUE,,https://monsterlupas.com.br/api/public/image/oculos-minute/image-15.png?w=1200,16,Minute — Preta Lente Rosa,https://monsterlupas.com.br/api/public/image/oculos-minute/image-15.png?w=1200,,,,
oculos-minute,,,,,,,,,Preta Lente Espelhada,ML-OCULOS-MINUTE-17,120,,,continue,manual,179.90,297.90,TRUE,TRUE,,https://monsterlupas.com.br/api/public/image/oculos-minute/image-16.png?w=1200,17,Minute — Preta Lente Espelhada,https://monsterlupas.com.br/api/public/image/oculos-minute/image-16.png?w=1200,,,,
oculos-juliet-1,Juliet,"<p>Sofisticado, com toque de luxo em acabamento metalizado.</p><p>Óculos Juliet com proteção UV400 e lente polarizada. Estoque próprio, envio rápido para todo o Brasil.</p>",Monster Lupas,,Óculos de Sol,categoria-x-metal,TRUE,Cor,Carbon Lente Espelhada,ML-OCULOS-JULIET-1-01,120,,,continue,manual,179.90,297.90,TRUE,TRUE,,https://monsterlupas.com.br/api/public/image/oculos-juliet-1/image-0.jpg?w=1200,1,Juliet — Carbon Lente Espelhada,https://monsterlupas.com.br/api/public/image/oculos-juliet-1/image-0.jpg?w=1200,FALSE,Juliet — Monster Lupas,"Sofisticado, com toque de luxo em acabamento metalizado.",active
oculos-juliet-1,,,,,,,,,Carbon Lente Roxa,ML-OCULOS-JULIET-1-02,120,,,continue,manual,179.90,297.90,TRUE,TRUE,,https://monsterlupas.com.br/api/public/image/oculos-juliet-1/image-1.jpg?w=1200,2,Juliet — Carbon Lente Roxa,https://monsterlupas.com.br/api/public/image/oculos-juliet-1/image-1.jpg?w=1200,,,,
oculos-juliet-1,,,,,,,,,24K Lente Preta,ML-OCULOS-JULIET-1-03,120,,,continue,manual,179.90,297.90,TRUE,TRUE,,https://monsterlupas.com.br/api/public/image/oculos-juliet-1/image-2.jpg?w=1200,3,Juliet — 24K Lente Preta,https://monsterlupas.com.br/api/public/image/oculos-juliet-1/image-2.jpg?w=1200,,,,
oculos-juliet-1,,,,,,,,,24K Lente Gold,ML-OCULOS-JULIET-1-04,120,,,continue,manual,179.90,297.90,TRUE,TRUE,,https://monsterlupas.com.br/api/public/image/oculos-juliet-1/image-3.jpg?w=1200,4,Juliet — 24K Lente Gold,https://monsterlupas.com.br/api/public/image/oculos-juliet-1/image-3.jpg?w=1200,,,,
oculos-juliet-1,,,,,,,,,X Metal Lente Tanzanite,ML-OCULOS-JULIET-1-05,120,,,continue,manual,179.90,297.90,TRUE,TRUE,,https://monsterlupas.com.br/api/public/image/oculos-juliet-1/image-4.jpg?w=1200,5,Juliet — X Metal Lente Tanzanite,https://monsterlupas.com.br/api/public/image/oculos-juliet-1/image-4.jpg?w=1200,,,,
oculos-juliet-1,,,,,,,,,Carbon Lente Dark Ruby,ML-OCULOS-JULIET-1-06,120,,,continue,manual,179.90,297.90,TRUE,TRUE,,https://monsterlupas.com.br/api/public/image/oculos-juliet-1/image-5.jpg?w=1200,6,Juliet — Carbon Lente Dark Ruby,https://monsterlupas.com.br/api/public/image/oculos-juliet-1/image-5.jpg?w=1200,,,,
oculos-juliet-1,,,,,,,,,X Metal Lente Gold Café,ML-OCULOS-JULIET-1-07,120,,,continue,manual,179.90,297.90,TRUE,TRUE,,https://monsterlupas.com.br/api/public/image/oculos-juliet-1/image-6.jpg?w=1200,7,Juliet — X Metal Lente Gold Café,https://monsterlupas.com.br/api/public/image/oculos-juliet-1/image-6.jpg?w=1200,,,,
oculos-juliet-1,,,,,,,,,X Metal Lente Ruby,ML-OCULOS-JULIET-1-08,120,,,continue,manual,179.90,297.90,TRUE,TRUE,,https://monsterlupas.com.br/api/public/image/oculos-juliet-1/image-7.jpg?w=1200,8,Juliet — X Metal Lente Ruby,https://monsterlupas.com.br/api/public/image/oculos-juliet-1/image-7.jpg?w=1200,,,,
oculos-juliet-1,,,,,,,,,X Metal Lente Roxa Kit Branco,ML-OCULOS-JULIET-1-09,120,,,continue,manual,179.90,297.90,TRUE,TRUE,,https://monsterlupas.com.br/api/public/image/oculos-juliet-1/image-8.jpg?w=1200,9,Juliet — X Metal Lente Roxa Kit Branco,https://monsterlupas.com.br/api/public/image/oculos-juliet-1/image-8.jpg?w=1200,,,,
oculos-juliet-1,,,,,,,,,Carbon Lente Ruby,ML-OCULOS-JULIET-1-10,120,,,continue,manual,179.90,297.90,TRUE,TRUE,,https://monsterlupas.com.br/api/public/image/oculos-juliet-1/image-9.jpg?w=1200,10,Juliet — Carbon Lente Ruby,https://monsterlupas.com.br/api/public/image/oculos-juliet-1/image-9.jpg?w=1200,,,,
oculos-juliet-1,,,,,,,,,X Metal Lente Preta,ML-OCULOS-JULIET-1-11,120,,,continue,manual,179.90,297.90,TRUE,TRUE,,https://monsterlupas.com.br/api/public/image/oculos-juliet-1/image-10.jpg?w=1200,11,Juliet — X Metal Lente Preta,https://monsterlupas.com.br/api/public/image/oculos-juliet-1/image-10.jpg?w=1200,,,,
oculos-juliet-1,,,,,,,,,X Metal Lente Ruby Kit Vermelho,ML-OCULOS-JULIET-1-12,120,,,continue,manual,179.90,297.90,TRUE,TRUE,,https://monsterlupas.com.br/api/public/image/oculos-juliet-1/image-11.jpg?w=1200,12,Juliet — X Metal Lente Ruby Kit Vermelho,https://monsterlupas.com.br/api/public/image/oculos-juliet-1/image-11.jpg?w=1200,,,,
oculos-flak-2-1,Flak 2.0,"<p>Performance pura — feito pra trilha, praia e street.</p><p>Óculos Flak 2.0 com proteção UV400 e lente polarizada. Estoque próprio, envio rápido para todo o Brasil.</p>",Monster Lupas,,Óculos de Sol,"categoria-esportiva, colecao-performance",TRUE,Cor,Branca Lente Tanzanite,ML-OCULOS-FLAK-2-1-01,120,,,continue,manual,179.90,297.90,TRUE,TRUE,,https://site-pi-six-62.vercel.app/assets/produtos/flak-2/branca-lente-tanzanite.jpg,1,Flak 2.0 — Branca Lente Tanzanite,https://site-pi-six-62.vercel.app/assets/produtos/flak-2/branca-lente-tanzanite.jpg,FALSE,Flak 2.0 — Monster Lupas,"Performance pura — feito pra trilha, praia e street.",active
oculos-flak-2-1,,,,,,,,,Preta Lente Azul,ML-OCULOS-FLAK-2-1-02,120,,,continue,manual,179.90,297.90,TRUE,TRUE,,https://site-pi-six-62.vercel.app/assets/produtos/flak-2/preta-lente-azul.jpg,2,Flak 2.0 — Preta Lente Azul,https://site-pi-six-62.vercel.app/assets/produtos/flak-2/preta-lente-azul.jpg,,,,
oculos-flak-2-1,,,,,,,,,Preta Lente Azul Escuro,ML-OCULOS-FLAK-2-1-03,120,,,continue,manual,179.90,297.90,TRUE,TRUE,,https://site-pi-six-62.vercel.app/assets/produtos/flak-2/preta-lente-azul-escuro.jpg,3,Flak 2.0 — Preta Lente Azul Escuro,https://site-pi-six-62.vercel.app/assets/produtos/flak-2/preta-lente-azul-escuro.jpg,,,,
oculos-flak-2-1,,,,,,,,,Preta Lente Preta,ML-OCULOS-FLAK-2-1-04,120,,,continue,manual,179.90,297.90,TRUE,TRUE,,https://site-pi-six-62.vercel.app/assets/produtos/flak-2/preta-lente-preta.jpg,4,Flak 2.0 — Preta Lente Preta,https://site-pi-six-62.vercel.app/assets/produtos/flak-2/preta-lente-preta.jpg,,,,
oculos-flak-2-1,,,,,,,,,Preta Lente Espelhada,ML-OCULOS-FLAK-2-1-05,120,,,continue,manual,179.90,297.90,TRUE,TRUE,,https://site-pi-six-62.vercel.app/assets/produtos/flak-2/preta-lente-espelhada.jpg,5,Flak 2.0 — Preta Lente Espelhada,https://site-pi-six-62.vercel.app/assets/produtos/flak-2/preta-lente-espelhada.jpg,,,,
oculos-flak-2-1,,,,,,,,,Preta Lente Ruby,ML-OCULOS-FLAK-2-1-06,120,,,continue,manual,179.90,297.90,TRUE,TRUE,,https://site-pi-six-62.vercel.app/assets/produtos/flak-2/preta-lente-ruby.jpg,6,Flak 2.0 — Preta Lente Ruby,https://site-pi-six-62.vercel.app/assets/produtos/flak-2/preta-lente-ruby.jpg,,,,
oculos-flak-2-1,,,,,,,,,Preta Lente Tanzanite,ML-OCULOS-FLAK-2-1-07,120,,,continue,manual,179.90,297.90,TRUE,TRUE,,https://site-pi-six-62.vercel.app/assets/produtos/flak-2/preta-lente-tanzanite.jpg,7,Flak 2.0 — Preta Lente Tanzanite,https://site-pi-six-62.vercel.app/assets/produtos/flak-2/preta-lente-tanzanite.jpg,,,,
oculos-eye-jacket-2,Eye Jacket,"<p>Minimalista e discreto — edição especial com o dobro de cores.</p><p>Óculos Eye Jacket com proteção UV400 e lente polarizada. Estoque próprio, envio rápido para todo o Brasil.</p>",Monster Lupas,,Óculos de Sol,categoria-classica,TRUE,Cor,Cinza Lente Espelhada,ML-OCULOS-EYE-JACKET-2-01,120,,,continue,manual,179.90,297.90,TRUE,TRUE,,https://site-pi-six-62.vercel.app/assets/produtos/eye-jacket/cinza-lente-espelhada.jpg,1,Eye Jacket — Cinza Lente Espelhada,https://site-pi-six-62.vercel.app/assets/produtos/eye-jacket/cinza-lente-espelhada.jpg,FALSE,Eye Jacket — Monster Lupas,Minimalista e discreto — edição especial com o dobro de cores.,active
oculos-eye-jacket-2,,,,,,,,,Cinza Lente G26,ML-OCULOS-EYE-JACKET-2-02,120,,,continue,manual,179.90,297.90,TRUE,TRUE,,https://site-pi-six-62.vercel.app/assets/produtos/eye-jacket/cinza-lente-g26.jpg,2,Eye Jacket — Cinza Lente G26,https://site-pi-six-62.vercel.app/assets/produtos/eye-jacket/cinza-lente-g26.jpg,,,,
oculos-eye-jacket-2,,,,,,,,,Cinza Lente Gold,ML-OCULOS-EYE-JACKET-2-03,120,,,continue,manual,179.90,297.90,TRUE,TRUE,,https://site-pi-six-62.vercel.app/assets/produtos/eye-jacket/cinza-lente-gold.jpg,3,Eye Jacket — Cinza Lente Gold,https://site-pi-six-62.vercel.app/assets/produtos/eye-jacket/cinza-lente-gold.jpg,,,,
oculos-eye-jacket-2,,,,,,,,,Cinza Lente Preta,ML-OCULOS-EYE-JACKET-2-04,120,,,continue,manual,179.90,297.90,TRUE,TRUE,,https://site-pi-six-62.vercel.app/assets/produtos/eye-jacket/cinza-lente-preta.jpg,4,Eye Jacket — Cinza Lente Preta,https://site-pi-six-62.vercel.app/assets/produtos/eye-jacket/cinza-lente-preta.jpg,,,,
oculos-eye-jacket-2,,,,,,,,,Cinza Lente Tanzanite,ML-OCULOS-EYE-JACKET-2-05,120,,,continue,manual,179.90,297.90,TRUE,TRUE,,https://site-pi-six-62.vercel.app/assets/produtos/eye-jacket/cinza-lente-tanzanite.jpg,5,Eye Jacket — Cinza Lente Tanzanite,https://site-pi-six-62.vercel.app/assets/produtos/eye-jacket/cinza-lente-tanzanite.jpg,,,,
oculos-eye-jacket-2,,,,,,,,,Cinza Lente VR28,ML-OCULOS-EYE-JACKET-2-06,120,,,continue,manual,179.90,297.90,TRUE,TRUE,,https://site-pi-six-62.vercel.app/assets/produtos/eye-jacket/cinza-lente-vr28.jpg,6,Eye Jacket — Cinza Lente VR28,https://site-pi-six-62.vercel.app/assets/produtos/eye-jacket/cinza-lente-vr28.jpg,,,,
oculos-eye-jacket-2,,,,,,,,,Preta Lente Espelhada,ML-OCULOS-EYE-JACKET-2-07,120,,,continue,manual,179.90,297.90,TRUE,TRUE,,https://site-pi-six-62.vercel.app/assets/produtos/eye-jacket/preta-lente-espelhada.jpg,7,Eye Jacket — Preta Lente Espelhada,https://site-pi-six-62.vercel.app/assets/produtos/eye-jacket/preta-lente-espelhada.jpg,,,,
oculos-eye-jacket-2,,,,,,,,,Preta Lente G26,ML-OCULOS-EYE-JACKET-2-08,120,,,continue,manual,179.90,297.90,TRUE,TRUE,,https://site-pi-six-62.vercel.app/assets/produtos/eye-jacket/preta-lente-g26.jpg,8,Eye Jacket — Preta Lente G26,https://site-pi-six-62.vercel.app/assets/produtos/eye-jacket/preta-lente-g26.jpg,,,,
oculos-eye-jacket-2,,,,,,,,,Preta Lente Gold,ML-OCULOS-EYE-JACKET-2-09,120,,,continue,manual,179.90,297.90,TRUE,TRUE,,https://site-pi-six-62.vercel.app/assets/produtos/eye-jacket/preta-lente-gold.jpg,9,Eye Jacket — Preta Lente Gold,https://site-pi-six-62.vercel.app/assets/produtos/eye-jacket/preta-lente-gold.jpg,,,,
oculos-eye-jacket-2,,,,,,,,,Preta Lente Ice,ML-OCULOS-EYE-JACKET-2-10,120,,,continue,manual,179.90,297.90,TRUE,TRUE,,https://site-pi-six-62.vercel.app/assets/produtos/eye-jacket/preta-lente-ice.jpg,10,Eye Jacket — Preta Lente Ice,https://site-pi-six-62.vercel.app/assets/produtos/eye-jacket/preta-lente-ice.jpg,,,,
oculos-eye-jacket-2,,,,,,,,,Preta Lente Rosa Transparente,ML-OCULOS-EYE-JACKET-2-11,120,,,continue,manual,179.90,297.90,TRUE,TRUE,,https://site-pi-six-62.vercel.app/assets/produtos/eye-jacket/preta-lente-rosa-transparente.jpg,11,Eye Jacket — Preta Lente Rosa Transparente,https://site-pi-six-62.vercel.app/assets/produtos/eye-jacket/preta-lente-rosa-transparente.jpg,,,,
oculos-eye-jacket-2,,,,,,,,,Preta Lente Tanzanite,ML-OCULOS-EYE-JACKET-2-12,120,,,continue,manual,179.90,297.90,TRUE,TRUE,,https://site-pi-six-62.vercel.app/assets/produtos/eye-jacket/preta-lente-tanzanite.jpg,12,Eye Jacket — Preta Lente Tanzanite,https://site-pi-six-62.vercel.app/assets/produtos/eye-jacket/preta-lente-tanzanite.jpg,,,,
oculos-eye-jacket-2,,,,,,,,,Preta Lente VR28,ML-OCULOS-EYE-JACKET-2-13,120,,,continue,manual,179.90,297.90,TRUE,TRUE,,https://site-pi-six-62.vercel.app/assets/produtos/eye-jacket/preta-lente-vr28.jpg,13,Eye Jacket — Preta Lente VR28,https://site-pi-six-62.vercel.app/assets/produtos/eye-jacket/preta-lente-vr28.jpg,,,,
oculos-dartboard-1,Dartboard,"<p>Statement bold — a peça mais exclusiva da coleção.</p><p>Óculos Dartboard com proteção UV400 e lente polarizada. Estoque próprio, envio rápido para todo o Brasil.</p>",Monster Lupas,,Óculos de Sol,categoria-classica,TRUE,Cor,Degrade Preta,ML-OCULOS-DARTBOARD-1-01,120,,,continue,manual,179.90,297.90,TRUE,TRUE,,https://site-pi-six-62.vercel.app/assets/produtos/dartboard/degrade-preta.jpg,1,Dartboard — Degrade Preta,https://site-pi-six-62.vercel.app/assets/produtos/dartboard/degrade-preta.jpg,FALSE,Dartboard — Monster Lupas,Statement bold — a peça mais exclusiva da coleção.,active
oculos-dartboard-1,,,,,,,,,Prata Lente Espelhada,ML-OCULOS-DARTBOARD-1-02,120,,,continue,manual,179.90,297.90,TRUE,TRUE,,https://site-pi-six-62.vercel.app/assets/produtos/dartboard/prata-lente-espelhada.jpg,2,Dartboard — Prata Lente Espelhada,https://site-pi-six-62.vercel.app/assets/produtos/dartboard/prata-lente-espelhada.jpg,,,,
oculos-dartboard-1,,,,,,,,,Preta Lente Preta,ML-OCULOS-DARTBOARD-1-03,120,,,continue,manual,179.90,297.90,TRUE,TRUE,,https://site-pi-six-62.vercel.app/assets/produtos/dartboard/preta-lente-preta.jpg,3,Dartboard — Preta Lente Preta,https://site-pi-six-62.vercel.app/assets/produtos/dartboard/preta-lente-preta.jpg,,,,
oculos-dartboard-1,,,,,,,,,Preta Lente VR28,ML-OCULOS-DARTBOARD-1-04,120,,,continue,manual,179.90,297.90,TRUE,TRUE,,https://site-pi-six-62.vercel.app/assets/produtos/dartboard/preta-lente-vr28.jpg,4,Dartboard — Preta Lente VR28,https://site-pi-six-62.vercel.app/assets/produtos/dartboard/preta-lente-vr28.jpg,,,,
oculos-dartboard-1,,,,,,,,,Rosa Haste Branca,ML-OCULOS-DARTBOARD-1-05,120,,,continue,manual,179.90,297.90,TRUE,TRUE,,https://site-pi-six-62.vercel.app/assets/produtos/dartboard/rosa-haste-branca.jpg,5,Dartboard — Rosa Haste Branca,https://site-pi-six-62.vercel.app/assets/produtos/dartboard/rosa-haste-branca.jpg,,,,
coilover,Coilover,"<p>A ""óculos da molinha"" — design mecânico exclusivo com molas nas hastes.</p><p>Óculos Coilover com proteção UV400 e lente polarizada. Estoque próprio, envio rápido para todo o Brasil.</p>",Monster Lupas,,Óculos de Sol,"categoria-streetwear, colecao-novidades, colecao-performance",TRUE,Cor,Black Haste Preta,ML-COILOVER-01,120,,,continue,manual,179.90,297.90,TRUE,TRUE,,https://site-pi-six-62.vercel.app/assets/produtos/coilover/black-haste-preta.jpg,1,Coilover — Black Haste Preta,https://site-pi-six-62.vercel.app/assets/produtos/coilover/black-haste-preta.jpg,FALSE,Coilover — Monster Lupas,"A ""óculos da molinha"" — design mecânico exclusivo com molas nas hastes.",active
coilover,,,,,,,,,Plasma Haste Preta,ML-COILOVER-02,120,,,continue,manual,179.90,297.90,TRUE,TRUE,,https://site-pi-six-62.vercel.app/assets/produtos/coilover/plasma-haste-preta.jpg,2,Coilover — Plasma Haste Preta,https://site-pi-six-62.vercel.app/assets/produtos/coilover/plasma-haste-preta.jpg,,,,
de-soto,De Soto,"<p>Inspiração retrô dos anos 60 com tecnologia e design premium.</p><p>Óculos De Soto com proteção UV400 e lente polarizada. Estoque próprio, envio rápido para todo o Brasil.</p>",Monster Lupas,,Óculos de Sol,"categoria-classica, colecao-novidades",TRUE,Cor,Azul Lentes Espelhada,ML-DE-SOTO-01,120,,,continue,manual,179.90,297.90,TRUE,TRUE,,https://site-pi-six-62.vercel.app/assets/produtos/de-soto/azul-lentes-espelhada.jpg,1,De Soto — Azul Lentes Espelhada,https://site-pi-six-62.vercel.app/assets/produtos/de-soto/azul-lentes-espelhada.jpg,FALSE,De Soto — Monster Lupas,Inspiração retrô dos anos 60 com tecnologia e design premium.,active
de-soto,,,,,,,,,Carbon Lentes Black,ML-DE-SOTO-02,120,,,continue,manual,179.90,297.90,TRUE,TRUE,,https://site-pi-six-62.vercel.app/assets/produtos/de-soto/carbon-lentes-black.jpg,2,De Soto — Carbon Lentes Black,https://site-pi-six-62.vercel.app/assets/produtos/de-soto/carbon-lentes-black.jpg,,,,
de-soto,,,,,,,,,Cristal Lentes Tanzanite,ML-DE-SOTO-03,120,,,continue,manual,179.90,297.90,TRUE,TRUE,,https://site-pi-six-62.vercel.app/assets/produtos/de-soto/cristal-lentes-tanzanite.jpg,3,De Soto — Cristal Lentes Tanzanite,https://site-pi-six-62.vercel.app/assets/produtos/de-soto/cristal-lentes-tanzanite.jpg,,,,
double-x-24k,Double X 24K,"<p>Linha X-Metal com acabamento texturizado que simula ouro 24k.</p><p>Óculos Double X 24K com proteção UV400 e lente polarizada. Estoque próprio, envio rápido para todo o Brasil.</p>",Monster Lupas,,Óculos de Sol,"categoria-x-metal, colecao-novidades, colecao-colecionador",TRUE,Cor,24K,ML-DOUBLE-X-24K-01,120,,,continue,manual,179.90,297.90,TRUE,TRUE,,https://site-pi-six-62.vercel.app/assets/produtos/double-x-24k/24k.jpg,1,Double X 24K — 24K,https://site-pi-six-62.vercel.app/assets/produtos/double-x-24k/24k.jpg,FALSE,Double X 24K — Monster Lupas,Linha X-Metal com acabamento texturizado que simula ouro 24k.,active
double-x-24k,,,,,,,,,Lentes Espelhada,ML-DOUBLE-X-24K-02,120,,,continue,manual,179.90,297.90,TRUE,TRUE,,https://site-pi-six-62.vercel.app/assets/produtos/double-x-24k/lentes-espelhada.jpg,2,Double X 24K — Lentes Espelhada,https://site-pi-six-62.vercel.app/assets/produtos/double-x-24k/lentes-espelhada.jpg,,,,
double-x-24k,,,,,,,,,Lentes Tanzanite,ML-DOUBLE-X-24K-03,120,,,continue,manual,179.90,297.90,TRUE,TRUE,,https://site-pi-six-62.vercel.app/assets/produtos/double-x-24k/lentes-tanzanite.jpg,3,Double X 24K — Lentes Tanzanite,https://site-pi-six-62.vercel.app/assets/produtos/double-x-24k/lentes-tanzanite.jpg,,,,
double-x-24k,,,,,,,,,Plasma Lente Ice Escura,ML-DOUBLE-X-24K-04,120,,,continue,manual,179.90,297.90,TRUE,TRUE,,https://site-pi-six-62.vercel.app/assets/produtos/double-x-24k/plasma-lente-ice-escura.jpg,4,Double X 24K — Plasma Lente Ice Escura,https://site-pi-six-62.vercel.app/assets/produtos/double-x-24k/plasma-lente-ice-escura.jpg,,,,
double-x-24k,,,,,,,,,Plasma,ML-DOUBLE-X-24K-05,120,,,continue,manual,179.90,297.90,TRUE,TRUE,,https://site-pi-six-62.vercel.app/assets/produtos/double-x-24k/plasma.jpg,5,Double X 24K — Plasma,https://site-pi-six-62.vercel.app/assets/produtos/double-x-24k/plasma.jpg,,,,
half-jacket,Half Jacket,"<p>Design semiaro esportivo — leve, agressivo e pronto pro dia a dia.</p><p>Óculos Half Jacket com proteção UV400 e lente polarizada. Estoque próprio, envio rápido para todo o Brasil.</p>",Monster Lupas,,Óculos de Sol,"categoria-esportiva, colecao-novidades, colecao-performance",TRUE,Cor,Carbon Lentes Black,ML-HALF-JACKET-01,120,,,continue,manual,179.90,297.90,TRUE,TRUE,,https://site-pi-six-62.vercel.app/assets/produtos/half-jacket/carbon-lentes-black.jpg,1,Half Jacket — Carbon Lentes Black,https://site-pi-six-62.vercel.app/assets/produtos/half-jacket/carbon-lentes-black.jpg,FALSE,Half Jacket — Monster Lupas,"Design semiaro esportivo — leve, agressivo e pronto pro dia a dia.",active
half-jacket,,,,,,,,,Carbon Lentes Espelhada,ML-HALF-JACKET-02,120,,,continue,manual,179.90,297.90,TRUE,TRUE,,https://site-pi-six-62.vercel.app/assets/produtos/half-jacket/carbon-lentes-espelhada.jpg,2,Half Jacket — Carbon Lentes Espelhada,https://site-pi-six-62.vercel.app/assets/produtos/half-jacket/carbon-lentes-espelhada.jpg,,,,
half-jacket,,,,,,,,,Carbon Lentes Tanzanite,ML-HALF-JACKET-03,120,,,continue,manual,179.90,297.90,TRUE,TRUE,,https://site-pi-six-62.vercel.app/assets/produtos/half-jacket/carbon-lentes-tanzanite.jpg,3,Half Jacket — Carbon Lentes Tanzanite,https://site-pi-six-62.vercel.app/assets/produtos/half-jacket/carbon-lentes-tanzanite.jpg,,,,
half-jacket,,,,,,,,,Cinza Preto Lente Espelhada,ML-HALF-JACKET-04,120,,,continue,manual,179.90,297.90,TRUE,TRUE,,https://site-pi-six-62.vercel.app/assets/produtos/half-jacket/cinza-preto-lente-espelhada.jpg,4,Half Jacket — Cinza Preto Lente Espelhada,https://site-pi-six-62.vercel.app/assets/produtos/half-jacket/cinza-preto-lente-espelhada.jpg,,,,
half-jacket,,,,,,,,,Marrom Lentes VR28,ML-HALF-JACKET-05,120,,,continue,manual,179.90,297.90,TRUE,TRUE,,https://site-pi-six-62.vercel.app/assets/produtos/half-jacket/marrom-lentes-vr28.jpg,5,Half Jacket — Marrom Lentes VR28,https://site-pi-six-62.vercel.app/assets/produtos/half-jacket/marrom-lentes-vr28.jpg,,,,
highland,Highland,"<p>Visual esportivo com design moderno pra uso casual.</p><p>Óculos Highland com proteção UV400 e lente polarizada. Estoque próprio, envio rápido para todo o Brasil.</p>",Monster Lupas,,Óculos de Sol,"categoria-classica, colecao-novidades",TRUE,Cor,Carbon Lentes Black,ML-HIGHLAND-01,120,,,continue,manual,179.90,297.90,TRUE,TRUE,,https://site-pi-six-62.vercel.app/assets/produtos/highland/carbon-lentes-black.jpg,1,Highland — Carbon Lentes Black,https://site-pi-six-62.vercel.app/assets/produtos/highland/carbon-lentes-black.jpg,FALSE,Highland — Monster Lupas,Visual esportivo com design moderno pra uso casual.,active
highland,,,,,,,,,Carbon Lentes Espelhada,ML-HIGHLAND-02,120,,,continue,manual,179.90,297.90,TRUE,TRUE,,https://site-pi-six-62.vercel.app/assets/produtos/highland/carbon-lentes-espelhada.jpg,2,Highland — Carbon Lentes Espelhada,https://site-pi-six-62.vercel.app/assets/produtos/highland/carbon-lentes-espelhada.jpg,,,,
highland,,,,,,,,,Cristal Lentes Black,ML-HIGHLAND-03,120,,,continue,manual,179.90,297.90,TRUE,TRUE,,https://site-pi-six-62.vercel.app/assets/produtos/highland/cristal-lentes-black.jpg,3,Highland — Cristal Lentes Black,https://site-pi-six-62.vercel.app/assets/produtos/highland/cristal-lentes-black.jpg,,,,
highland,,,,,,,,,Cristal Lentes Transparente Vermelha,ML-HIGHLAND-04,120,,,continue,manual,179.90,297.90,TRUE,TRUE,,https://site-pi-six-62.vercel.app/assets/produtos/highland/cristal-lentes-transparente-vermelha.jpg,4,Highland — Cristal Lentes Transparente Vermelha,https://site-pi-six-62.vercel.app/assets/produtos/highland/cristal-lentes-transparente-vermelha.jpg,,,,
highland,,,,,,,,,Marrom Lentes VR28,ML-HIGHLAND-05,120,,,continue,manual,179.90,297.90,TRUE,TRUE,,https://site-pi-six-62.vercel.app/assets/produtos/highland/marrom-lentes-vr28.jpg,5,Highland — Marrom Lentes VR28,https://site-pi-six-62.vercel.app/assets/produtos/highland/marrom-lentes-vr28.jpg,,,,
hstn,HSTN,"<p>Linhas modernas e visual sofisticado — a cultura urbana em forma de óculos.</p><p>Óculos HSTN com proteção UV400 e lente polarizada. Estoque próprio, envio rápido para todo o Brasil.</p>",Monster Lupas,,Óculos de Sol,"categoria-classica, colecao-novidades",TRUE,Cor,Cinza Escuro Claro Gold Café,ML-HSTN-01,120,,,continue,manual,179.90,297.90,TRUE,TRUE,,https://site-pi-six-62.vercel.app/assets/produtos/hstn/cinza-escuro-claro-gold-cafe.jpg,1,HSTN — Cinza Escuro Claro Gold Café,https://site-pi-six-62.vercel.app/assets/produtos/hstn/cinza-escuro-claro-gold-cafe.jpg,FALSE,HSTN — Monster Lupas,Linhas modernas e visual sofisticado — a cultura urbana em forma de óculos.,active
hstn,,,,,,,,,Cinza Escuro Claro Lente Gold,ML-HSTN-02,120,,,continue,manual,179.90,297.90,TRUE,TRUE,,https://site-pi-six-62.vercel.app/assets/produtos/hstn/cinza-escuro-claro-lente-gold.jpg,2,HSTN — Cinza Escuro Claro Lente Gold,https://site-pi-six-62.vercel.app/assets/produtos/hstn/cinza-escuro-claro-lente-gold.jpg,,,,
hstn,,,,,,,,,Cinza Escuro Claro Lente Roxa,ML-HSTN-03,120,,,continue,manual,179.90,297.90,TRUE,TRUE,,https://site-pi-six-62.vercel.app/assets/produtos/hstn/cinza-escuro-claro-lente-roxa.jpg,3,HSTN — Cinza Escuro Claro Lente Roxa,https://site-pi-six-62.vercel.app/assets/produtos/hstn/cinza-escuro-claro-lente-roxa.jpg,,,,
hstn,,,,,,,,,Preta e Cinza Lente Ruby,ML-HSTN-04,120,,,continue,manual,179.90,297.90,TRUE,TRUE,,https://site-pi-six-62.vercel.app/assets/produtos/hstn/preta-cinza-lente-ruby.jpg,4,HSTN — Preta e Cinza Lente Ruby,https://site-pi-six-62.vercel.app/assets/produtos/hstn/preta-cinza-lente-ruby.jpg,,,,
hstn,,,,,,,,,Preta Lente Dark Ruby,ML-HSTN-05,120,,,continue,manual,179.90,297.90,TRUE,TRUE,,https://site-pi-six-62.vercel.app/assets/produtos/hstn/preta-lente-dark-ruby.jpg,5,HSTN — Preta Lente Dark Ruby,https://site-pi-six-62.vercel.app/assets/produtos/hstn/preta-lente-dark-ruby.jpg,,,,
hstn,,,,,,,,,Preta Lente Espelhada,ML-HSTN-06,120,,,continue,manual,179.90,297.90,TRUE,TRUE,,https://site-pi-six-62.vercel.app/assets/produtos/hstn/preta-lente-espelhada.jpg,6,HSTN — Preta Lente Espelhada,https://site-pi-six-62.vercel.app/assets/produtos/hstn/preta-lente-espelhada.jpg,,,,
hstn,,,,,,,,,Preta Lente Gold,ML-HSTN-07,120,,,continue,manual,179.90,297.90,TRUE,TRUE,,https://site-pi-six-62.vercel.app/assets/produtos/hstn/preta-lente-gold.jpg,7,HSTN — Preta Lente Gold,https://site-pi-six-62.vercel.app/assets/produtos/hstn/preta-lente-gold.jpg,,,,
hstn,,,,,,,,,Preta Lente Ice,ML-HSTN-08,120,,,continue,manual,179.90,297.90,TRUE,TRUE,,https://site-pi-six-62.vercel.app/assets/produtos/hstn/preta-lente-ice.jpg,8,HSTN — Preta Lente Ice,https://site-pi-six-62.vercel.app/assets/produtos/hstn/preta-lente-ice.jpg,,,,
hstn,,,,,,,,,Preta Lente Preta,ML-HSTN-09,120,,,continue,manual,179.90,297.90,TRUE,TRUE,,https://site-pi-six-62.vercel.app/assets/produtos/hstn/preta-lente-preta.jpg,9,HSTN — Preta Lente Preta,https://site-pi-six-62.vercel.app/assets/produtos/hstn/preta-lente-preta.jpg,,,,
hstn,,,,,,,,,Preta Lente Roxa,ML-HSTN-10,120,,,continue,manual,179.90,297.90,TRUE,TRUE,,https://site-pi-six-62.vercel.app/assets/produtos/hstn/preta-lente-roxa.jpg,10,HSTN — Preta Lente Roxa,https://site-pi-six-62.vercel.app/assets/produtos/hstn/preta-lente-roxa.jpg,,,,
hstn,,,,,,,,,Preta Lente Ruby,ML-HSTN-11,120,,,continue,manual,179.90,297.90,TRUE,TRUE,,https://site-pi-six-62.vercel.app/assets/produtos/hstn/preta-lente-ruby.jpg,11,HSTN — Preta Lente Ruby,https://site-pi-six-62.vercel.app/assets/produtos/hstn/preta-lente-ruby.jpg,,,,
hstn,,,,,,,,,Preta Lente Tanzanite,ML-HSTN-12,120,,,continue,manual,179.90,297.90,TRUE,TRUE,,https://site-pi-six-62.vercel.app/assets/produtos/hstn/preta-lente-tanzanite.jpg,12,HSTN — Preta Lente Tanzanite,https://site-pi-six-62.vercel.app/assets/produtos/hstn/preta-lente-tanzanite.jpg,,,,
lach,Lach,"<p>Sistema Latch prende no colarinho — leveza O Matter e alta definição.</p><p>Óculos Lach com proteção UV400 e lente polarizada. Estoque próprio, envio rápido para todo o Brasil.</p>",Monster Lupas,,Óculos de Sol,"categoria-streetwear, colecao-novidades",TRUE,Cor,Marrom Lentes VR28,ML-LACH-01,120,,,continue,manual,179.90,297.90,TRUE,TRUE,,https://site-pi-six-62.vercel.app/assets/produtos/lach/marrom-lentes-vr28.jpg,1,Lach — Marrom Lentes VR28,https://site-pi-six-62.vercel.app/assets/produtos/lach/marrom-lentes-vr28.jpg,FALSE,Lach — Monster Lupas,Sistema Latch prende no colarinho — leveza O Matter e alta definição.,active
lach,,,,,,,,,Preto Lentes Black,ML-LACH-02,120,,,continue,manual,179.90,297.90,TRUE,TRUE,,https://site-pi-six-62.vercel.app/assets/produtos/lach/preto-lentes-black.jpg,2,Lach — Preto Lentes Black,https://site-pi-six-62.vercel.app/assets/produtos/lach/preto-lentes-black.jpg,,,,
m-frame,M Frame,"<p>Lente única, campo de visão amplo — o clássico dos atletas.</p><p>Óculos M Frame com proteção UV400 e lente polarizada. Estoque próprio, envio rápido para todo o Brasil.</p>",Monster Lupas,,Óculos de Sol,"categoria-x-metal, colecao-novidades",TRUE,Cor,Preta Lente Espelhada,ML-M-FRAME-01,120,,,continue,manual,179.90,297.90,TRUE,TRUE,,https://site-pi-six-62.vercel.app/assets/produtos/m-frame/preta-lente-espelhada.jpg,1,M Frame — Preta Lente Espelhada,https://site-pi-six-62.vercel.app/assets/produtos/m-frame/preta-lente-espelhada.jpg,FALSE,M Frame — Monster Lupas,"Lente única, campo de visão amplo — o clássico dos atletas.",active
m-frame,,,,,,,,,Preta Lente Gold Café,ML-M-FRAME-02,120,,,continue,manual,179.90,297.90,TRUE,TRUE,,https://site-pi-six-62.vercel.app/assets/produtos/m-frame/preta-lente-gold-cafe.jpg,2,M Frame — Preta Lente Gold Café,https://site-pi-six-62.vercel.app/assets/produtos/m-frame/preta-lente-gold-cafe.jpg,,,,
m-frame,,,,,,,,,Preta Lente Ruby,ML-M-FRAME-03,120,,,continue,manual,179.90,297.90,TRUE,TRUE,,https://site-pi-six-62.vercel.app/assets/produtos/m-frame/preta-lente-ruby.jpg,3,M Frame — Preta Lente Ruby,https://site-pi-six-62.vercel.app/assets/produtos/m-frame/preta-lente-ruby.jpg,,,,
m-frame,,,,,,,,,Preta Lente Torch,ML-M-FRAME-04,120,,,continue,manual,179.90,297.90,TRUE,TRUE,,https://site-pi-six-62.vercel.app/assets/produtos/m-frame/preta-lente-torch.jpg,4,M Frame — Preta Lente Torch,https://site-pi-six-62.vercel.app/assets/produtos/m-frame/preta-lente-torch.jpg,,,,
m-frame,,,,,,,,,X Metal Lente Espelhada,ML-M-FRAME-05,120,,,continue,manual,179.90,297.90,TRUE,TRUE,,https://site-pi-six-62.vercel.app/assets/produtos/m-frame/x-metal-lente-espelhada.jpg,5,M Frame — X Metal Lente Espelhada,https://site-pi-six-62.vercel.app/assets/produtos/m-frame/x-metal-lente-espelhada.jpg,,,,
m-frame,,,,,,,,,X Metal Lente Gold Café,ML-M-FRAME-06,120,,,continue,manual,179.90,297.90,TRUE,TRUE,,https://site-pi-six-62.vercel.app/assets/produtos/m-frame/x-metal-lente-gold-cafe.jpg,6,M Frame — X Metal Lente Gold Café,https://site-pi-six-62.vercel.app/assets/produtos/m-frame/x-metal-lente-gold-cafe.jpg,,,,
m-frame,,,,,,,,,X Metal Lente Preta,ML-M-FRAME-07,120,,,continue,manual,179.90,297.90,TRUE,TRUE,,https://site-pi-six-62.vercel.app/assets/produtos/m-frame/x-metal-lente-preta.jpg,7,M Frame — X Metal Lente Preta,https://site-pi-six-62.vercel.app/assets/produtos/m-frame/x-metal-lente-preta.jpg,,,,
mag-four,Mag Four,"<p>Armação vintage em liga leve — referência entre colecionadores.</p><p>Óculos Mag Four com proteção UV400 e lente polarizada. Estoque próprio, envio rápido para todo o Brasil.</p>",Monster Lupas,,Óculos de Sol,"categoria-x-metal, colecao-novidades, colecao-colecionador",TRUE,Cor,Plasma Lente Gold,ML-MAG-FOUR-01,120,,,continue,manual,179.90,297.90,TRUE,TRUE,,https://site-pi-six-62.vercel.app/assets/produtos/mag-four/plasma-lente-gold.jpg,1,Mag Four — Plasma Lente Gold,https://site-pi-six-62.vercel.app/assets/produtos/mag-four/plasma-lente-gold.jpg,FALSE,Mag Four — Monster Lupas,Armação vintage em liga leve — referência entre colecionadores.,active
mag-four,,,,,,,,,Plasma Lente Preta,ML-MAG-FOUR-02,120,,,continue,manual,179.90,297.90,TRUE,TRUE,,https://site-pi-six-62.vercel.app/assets/produtos/mag-four/plasma-lente-preta.jpg,2,Mag Four — Plasma Lente Preta,https://site-pi-six-62.vercel.app/assets/produtos/mag-four/plasma-lente-preta.jpg,,,,
mag-four,,,,,,,,,Plasma Lente Torch,ML-MAG-FOUR-03,120,,,continue,manual,179.90,297.90,TRUE,TRUE,,https://site-pi-six-62.vercel.app/assets/produtos/mag-four/plasma-lente-torch.jpg,3,Mag Four — Plasma Lente Torch,https://site-pi-six-62.vercel.app/assets/produtos/mag-four/plasma-lente-torch.jpg,,,,
mag-four,,,,,,,,,Preta Lente Gold Café,ML-MAG-FOUR-04,120,,,continue,manual,179.90,297.90,TRUE,TRUE,,https://site-pi-six-62.vercel.app/assets/produtos/mag-four/preta-lente-gold-cafe.jpg,4,Mag Four — Preta Lente Gold Café,https://site-pi-six-62.vercel.app/assets/produtos/mag-four/preta-lente-gold-cafe.jpg,,,,
mag-four,,,,,,,,,Preta Lente Preta,ML-MAG-FOUR-05,120,,,continue,manual,179.90,297.90,TRUE,TRUE,,https://site-pi-six-62.vercel.app/assets/produtos/mag-four/preta-lente-preta.jpg,5,Mag Four — Preta Lente Preta,https://site-pi-six-62.vercel.app/assets/produtos/mag-four/preta-lente-preta.jpg,,,,
mag-four,,,,,,,,,Preta Lente Torch,ML-MAG-FOUR-06,120,,,continue,manual,179.90,297.90,TRUE,TRUE,,https://site-pi-six-62.vercel.app/assets/produtos/mag-four/preta-lente-torch.jpg,6,Mag Four — Preta Lente Torch,https://site-pi-six-62.vercel.app/assets/produtos/mag-four/preta-lente-torch.jpg,,,,
mag-four,,,,,,,,,X Metal Lente Azul,ML-MAG-FOUR-07,120,,,continue,manual,179.90,297.90,TRUE,TRUE,,https://site-pi-six-62.vercel.app/assets/produtos/mag-four/x-metal-lente-azul.jpg,7,Mag Four — X Metal Lente Azul,https://site-pi-six-62.vercel.app/assets/produtos/mag-four/x-metal-lente-azul.jpg,,,,
mag-four,,,,,,,,,X Metal Lente Espelhada,ML-MAG-FOUR-08,120,,,continue,manual,179.90,297.90,TRUE,TRUE,,https://site-pi-six-62.vercel.app/assets/produtos/mag-four/x-metal-lente-espelhada.jpg,8,Mag Four — X Metal Lente Espelhada,https://site-pi-six-62.vercel.app/assets/produtos/mag-four/x-metal-lente-espelhada.jpg,,,,
mag-four,,,,,,,,,X Metal Lente Gold Café,ML-MAG-FOUR-09,120,,,continue,manual,179.90,297.90,TRUE,TRUE,,https://site-pi-six-62.vercel.app/assets/produtos/mag-four/x-metal-lente-gold-cafe.jpg,9,Mag Four — X Metal Lente Gold Café,https://site-pi-six-62.vercel.app/assets/produtos/mag-four/x-metal-lente-gold-cafe.jpg,,,,
mag-four,,,,,,,,,X Metal Lente Preta,ML-MAG-FOUR-10,120,,,continue,manual,179.90,297.90,TRUE,TRUE,,https://site-pi-six-62.vercel.app/assets/produtos/mag-four/x-metal-lente-preta.jpg,10,Mag Four — X Metal Lente Preta,https://site-pi-six-62.vercel.app/assets/produtos/mag-four/x-metal-lente-preta.jpg,,,,
mag-four,,,,,,,,,X Metal Lente Torch,ML-MAG-FOUR-11,120,,,continue,manual,179.90,297.90,TRUE,TRUE,,https://site-pi-six-62.vercel.app/assets/produtos/mag-four/x-metal-lente-torch.jpg,11,Mag Four — X Metal Lente Torch,https://site-pi-six-62.vercel.app/assets/produtos/mag-four/x-metal-lente-torch.jpg,,,,
penny,Penny,"<p>Ícone da linha X-Metal — encaixe compacto e construção premium em metal.</p><p>Óculos Penny com proteção UV400 e lente polarizada. Estoque próprio, envio rápido para todo o Brasil.</p>",Monster Lupas,,Óculos de Sol,"categoria-x-metal, colecao-novidades, colecao-colecionador",TRUE,Cor,Carbon Lente Espelhada,ML-PENNY-01,120,,,continue,manual,179.90,297.90,TRUE,TRUE,,https://site-pi-six-62.vercel.app/assets/produtos/penny/carbon-lente-espelhada.jpg,1,Penny — Carbon Lente Espelhada,https://site-pi-six-62.vercel.app/assets/produtos/penny/carbon-lente-espelhada.jpg,FALSE,Penny — Monster Lupas,Ícone da linha X-Metal — encaixe compacto e construção premium em metal.,active
penny,,,,,,,,,Carbon Lente Preta,ML-PENNY-02,120,,,continue,manual,179.90,297.90,TRUE,TRUE,,https://site-pi-six-62.vercel.app/assets/produtos/penny/carbon-lente-preta.jpg,2,Penny — Carbon Lente Preta,https://site-pi-six-62.vercel.app/assets/produtos/penny/carbon-lente-preta.jpg,,,,
penny,,,,,,,,,Carbon Lente Roxa,ML-PENNY-03,120,,,continue,manual,179.90,297.90,TRUE,TRUE,,https://site-pi-six-62.vercel.app/assets/produtos/penny/carbon-lente-roxa.jpg,3,Penny — Carbon Lente Roxa,https://site-pi-six-62.vercel.app/assets/produtos/penny/carbon-lente-roxa.jpg,,,,
penny,,,,,,,,,Carbon Lente Ruby,ML-PENNY-04,120,,,continue,manual,179.90,297.90,TRUE,TRUE,,https://site-pi-six-62.vercel.app/assets/produtos/penny/carbon-lente-ruby.jpg,4,Penny — Carbon Lente Ruby,https://site-pi-six-62.vercel.app/assets/produtos/penny/carbon-lente-ruby.jpg,,,,
penny,,,,,,,,,Plasma Lente Dark Ruby,ML-PENNY-05,120,,,continue,manual,179.90,297.90,TRUE,TRUE,,https://site-pi-six-62.vercel.app/assets/produtos/penny/plasma-lente-dark-ruby.jpg,5,Penny — Plasma Lente Dark Ruby,https://site-pi-six-62.vercel.app/assets/produtos/penny/plasma-lente-dark-ruby.jpg,,,,
penny,,,,,,,,,Plasma Lente Espelhada,ML-PENNY-06,120,,,continue,manual,179.90,297.90,TRUE,TRUE,,https://site-pi-six-62.vercel.app/assets/produtos/penny/plasma-lente-espelhada.jpg,6,Penny — Plasma Lente Espelhada,https://site-pi-six-62.vercel.app/assets/produtos/penny/plasma-lente-espelhada.jpg,,,,
penny,,,,,,,,,X Metal Lente Roxa,ML-PENNY-07,120,,,continue,manual,179.90,297.90,TRUE,TRUE,,https://site-pi-six-62.vercel.app/assets/produtos/penny/x-metal-lente-roxa.jpg,7,Penny — X Metal Lente Roxa,https://site-pi-six-62.vercel.app/assets/produtos/penny/x-metal-lente-roxa.jpg,,,,
penny,,,,,,,,,Xmetal Lente Espelhada,ML-PENNY-08,120,,,continue,manual,179.90,297.90,TRUE,TRUE,,https://site-pi-six-62.vercel.app/assets/produtos/penny/xmetal-lente-espelhada.jpg,8,Penny — Xmetal Lente Espelhada,https://site-pi-six-62.vercel.app/assets/produtos/penny/xmetal-lente-espelhada.jpg,,,,
penny,,,,,,,,,Xmetal Lente Preta,ML-PENNY-09,120,,,continue,manual,179.90,297.90,TRUE,TRUE,,https://site-pi-six-62.vercel.app/assets/produtos/penny/xmetal-lente-preta.jpg,9,Penny — Xmetal Lente Preta,https://site-pi-six-62.vercel.app/assets/produtos/penny/xmetal-lente-preta.jpg,,,,
penny,,,,,,,,,Xmetal Lente Ruby,ML-PENNY-10,120,,,continue,manual,179.90,297.90,TRUE,TRUE,,https://site-pi-six-62.vercel.app/assets/produtos/penny/xmetal-lente-ruby.jpg,10,Penny — Xmetal Lente Ruby,https://site-pi-six-62.vercel.app/assets/produtos/penny/xmetal-lente-ruby.jpg,,,,
penny,,,,,,,,,Xmetal Lente Tanzanite,ML-PENNY-11,120,,,continue,manual,179.90,297.90,TRUE,TRUE,,https://site-pi-six-62.vercel.app/assets/produtos/penny/xmetal-lente-tanzanite.jpg,11,Penny — Xmetal Lente Tanzanite,https://site-pi-six-62.vercel.app/assets/produtos/penny/xmetal-lente-tanzanite.jpg,,,,
permian,Permian,"<p>Sofisticação esportiva com formato retangular envolvente.</p><p>Óculos Permian com proteção UV400 e lente polarizada. Estoque próprio, envio rápido para todo o Brasil.</p>",Monster Lupas,,Óculos de Sol,"categoria-classica, colecao-novidades",TRUE,Cor,All Black,ML-PERMIAN-01,120,,,continue,manual,179.90,297.90,TRUE,TRUE,,https://site-pi-six-62.vercel.app/assets/produtos/permian/all-black.jpg,1,Permian — All Black,https://site-pi-six-62.vercel.app/assets/produtos/permian/all-black.jpg,FALSE,Permian — Monster Lupas,Sofisticação esportiva com formato retangular envolvente.,active
permian,,,,,,,,,Bege Lentes Degradê,ML-PERMIAN-02,120,,,continue,manual,179.90,297.90,TRUE,TRUE,,https://site-pi-six-62.vercel.app/assets/produtos/permian/bege-lentes-degrade.jpg,2,Permian — Bege Lentes Degradê,https://site-pi-six-62.vercel.app/assets/produtos/permian/bege-lentes-degrade.jpg,,,,
permian,,,,,,,,,Bege Lentes VR28,ML-PERMIAN-03,120,,,continue,manual,179.90,297.90,TRUE,TRUE,,https://site-pi-six-62.vercel.app/assets/produtos/permian/bege-lentes-vr28.jpg,3,Permian — Bege Lentes VR28,https://site-pi-six-62.vercel.app/assets/produtos/permian/bege-lentes-vr28.jpg,,,,
permian,,,,,,,,,Black Lentes Black,ML-PERMIAN-04,120,,,continue,manual,179.90,297.90,TRUE,TRUE,,https://site-pi-six-62.vercel.app/assets/produtos/permian/black-lentes-black.jpg,4,Permian — Black Lentes Black,https://site-pi-six-62.vercel.app/assets/produtos/permian/black-lentes-black.jpg,,,,
permian,,,,,,,,,Black Lentes Liquid Metal,ML-PERMIAN-05,120,,,continue,manual,179.90,297.90,TRUE,TRUE,,https://site-pi-six-62.vercel.app/assets/produtos/permian/black-lentes-liquid-metal.jpg,5,Permian — Black Lentes Liquid Metal,https://site-pi-six-62.vercel.app/assets/produtos/permian/black-lentes-liquid-metal.jpg,,,,
permian,,,,,,,,,Black Lentes Rosé,ML-PERMIAN-06,120,,,continue,manual,179.90,297.90,TRUE,TRUE,,https://site-pi-six-62.vercel.app/assets/produtos/permian/black-lentes-rose.jpg,6,Permian — Black Lentes Rosé,https://site-pi-six-62.vercel.app/assets/produtos/permian/black-lentes-rose.jpg,,,,
permian,,,,,,,,,Branco Lentes Black,ML-PERMIAN-07,120,,,continue,manual,179.90,297.90,TRUE,TRUE,,https://site-pi-six-62.vercel.app/assets/produtos/permian/branco-lentes-black.jpg,7,Permian — Branco Lentes Black,https://site-pi-six-62.vercel.app/assets/produtos/permian/branco-lentes-black.jpg,,,,
permian,,,,,,,,,Clear Lentes Black,ML-PERMIAN-08,120,,,continue,manual,179.90,297.90,TRUE,TRUE,,https://site-pi-six-62.vercel.app/assets/produtos/permian/clear-lentes-black.jpg,8,Permian — Clear Lentes Black,https://site-pi-six-62.vercel.app/assets/produtos/permian/clear-lentes-black.jpg,,,,
permian,,,,,,,,,Clear Lentes Marrom,ML-PERMIAN-09,120,,,continue,manual,179.90,297.90,TRUE,TRUE,,https://site-pi-six-62.vercel.app/assets/produtos/permian/clear-lentes-marrom.jpg,9,Permian — Clear Lentes Marrom,https://site-pi-six-62.vercel.app/assets/produtos/permian/clear-lentes-marrom.jpg,,,,
permian,,,,,,,,,Clear Lentes Rosé,ML-PERMIAN-10,120,,,continue,manual,179.90,297.90,TRUE,TRUE,,https://site-pi-six-62.vercel.app/assets/produtos/permian/clear-lentes-rose.jpg,10,Permian — Clear Lentes Rosé,https://site-pi-six-62.vercel.app/assets/produtos/permian/clear-lentes-rose.jpg,,,,
permian,,,,,,,,,Cristal Lentes Black,ML-PERMIAN-11,120,,,continue,manual,179.90,297.90,TRUE,TRUE,,https://site-pi-six-62.vercel.app/assets/produtos/permian/cristal-lentes-black.jpg,11,Permian — Cristal Lentes Black,https://site-pi-six-62.vercel.app/assets/produtos/permian/cristal-lentes-black.jpg,,,,
permian,,,,,,,,,Cristal Lentes Ruby,ML-PERMIAN-12,120,,,continue,manual,179.90,297.90,TRUE,TRUE,,https://site-pi-six-62.vercel.app/assets/produtos/permian/cristal-lentes-ruby.jpg,12,Permian — Cristal Lentes Ruby,https://site-pi-six-62.vercel.app/assets/produtos/permian/cristal-lentes-ruby.jpg,,,,
permian,,,,,,,,,Cristal Lentes Transparente Rosa,ML-PERMIAN-13,120,,,continue,manual,179.90,297.90,TRUE,TRUE,,https://site-pi-six-62.vercel.app/assets/produtos/permian/cristal-lentes-transparente-rosa.jpg,13,Permian — Cristal Lentes Transparente Rosa,https://site-pi-six-62.vercel.app/assets/produtos/permian/cristal-lentes-transparente-rosa.jpg,,,,
permian,,,,,,,,,Marrom Coffee Lentes Black,ML-PERMIAN-14,120,,,continue,manual,179.90,297.90,TRUE,TRUE,,https://site-pi-six-62.vercel.app/assets/produtos/permian/marrom-coffee-lentes-black.jpg,14,Permian — Marrom Coffee Lentes Black,https://site-pi-six-62.vercel.app/assets/produtos/permian/marrom-coffee-lentes-black.jpg,,,,
permian,,,,,,,,,Marrom Coffee Lentes VR28,ML-PERMIAN-15,120,,,continue,manual,179.90,297.90,TRUE,TRUE,,https://site-pi-six-62.vercel.app/assets/produtos/permian/marrom-coffee-lentes-vr28.jpg,15,Permian — Marrom Coffee Lentes VR28,https://site-pi-six-62.vercel.app/assets/produtos/permian/marrom-coffee-lentes-vr28.jpg,,,,
permian,,,,,,,,,Marrom Lentes Black,ML-PERMIAN-16,120,,,continue,manual,179.90,297.90,TRUE,TRUE,,https://site-pi-six-62.vercel.app/assets/produtos/permian/marrom-lentes-black.jpg,16,Permian — Marrom Lentes Black,https://site-pi-six-62.vercel.app/assets/produtos/permian/marrom-lentes-black.jpg,,,,
permian,,,,,,,,,Marrom Lentes Rosé,ML-PERMIAN-17,120,,,continue,manual,179.90,297.90,TRUE,TRUE,,https://site-pi-six-62.vercel.app/assets/produtos/permian/marrom-lentes-rose.jpg,17,Permian — Marrom Lentes Rosé,https://site-pi-six-62.vercel.app/assets/produtos/permian/marrom-lentes-rose.jpg,,,,
permian,,,,,,,,,Marrom Lentes VR28,ML-PERMIAN-18,120,,,continue,manual,179.90,297.90,TRUE,TRUE,,https://site-pi-six-62.vercel.app/assets/produtos/permian/marrom-lentes-vr28.jpg,18,Permian — Marrom Lentes VR28,https://site-pi-six-62.vercel.app/assets/produtos/permian/marrom-lentes-vr28.jpg,,,,
permian,,,,,,,,,Matte Emerald G26,ML-PERMIAN-19,120,,,continue,manual,179.90,297.90,TRUE,TRUE,,https://site-pi-six-62.vercel.app/assets/produtos/permian/matte-emerald-g26.jpg,19,Permian — Matte Emerald G26,https://site-pi-six-62.vercel.app/assets/produtos/permian/matte-emerald-g26.jpg,,,,
pitboss,Pit Boss,"<p>Linha Elite — robustez, exclusividade e alto desempenho.</p><p>Óculos Pit Boss com proteção UV400 e lente polarizada. Estoque próprio, envio rápido para todo o Brasil.</p>",Monster Lupas,,Óculos de Sol,"categoria-classica, colecao-novidades",TRUE,Cor,Corvette Lente Preta,ML-PITBOSS-01,120,,,continue,manual,179.90,297.90,TRUE,TRUE,,https://site-pi-six-62.vercel.app/assets/produtos/pitboss/corvette-lente-preta.jpg,1,Pit Boss — Corvette Lente Preta,https://site-pi-six-62.vercel.app/assets/produtos/pitboss/corvette-lente-preta.jpg,FALSE,Pit Boss — Monster Lupas,"Linha Elite — robustez, exclusividade e alto desempenho.",active
pitboss,,,,,,,,,Preta Lente Espelhada,ML-PITBOSS-02,120,,,continue,manual,179.90,297.90,TRUE,TRUE,,https://site-pi-six-62.vercel.app/assets/produtos/pitboss/preta-lente-espelhada.jpg,2,Pit Boss — Preta Lente Espelhada,https://site-pi-six-62.vercel.app/assets/produtos/pitboss/preta-lente-espelhada.jpg,,,,
pitboss,,,,,,,,,Preta Lente Preta,ML-PITBOSS-03,120,,,continue,manual,179.90,297.90,TRUE,TRUE,,https://site-pi-six-62.vercel.app/assets/produtos/pitboss/preta-lente-preta.jpg,3,Pit Boss — Preta Lente Preta,https://site-pi-six-62.vercel.app/assets/produtos/pitboss/preta-lente-preta.jpg,,,,
pitboss,,,,,,,,,Preta Lente Tanzanite,ML-PITBOSS-04,120,,,continue,manual,179.90,297.90,TRUE,TRUE,,https://site-pi-six-62.vercel.app/assets/produtos/pitboss/preta-lente-tanzanite.jpg,4,Pit Boss — Preta Lente Tanzanite,https://site-pi-six-62.vercel.app/assets/produtos/pitboss/preta-lente-tanzanite.jpg,,,,
radar,Radar,"<p>O mais icônico dos esportivos — amplo campo de visão e alta performance.</p><p>Óculos Radar com proteção UV400 e lente polarizada. Estoque próprio, envio rápido para todo o Brasil.</p>",Monster Lupas,,Óculos de Sol,"categoria-esportiva, colecao-novidades, colecao-performance",TRUE,Cor,Branca Lente Sapphire,ML-RADAR-01,120,,,continue,manual,179.90,297.90,TRUE,TRUE,,https://site-pi-six-62.vercel.app/assets/produtos/radar/branca-lente-sapphire.jpg,1,Radar — Branca Lente Sapphire,https://site-pi-six-62.vercel.app/assets/produtos/radar/branca-lente-sapphire.jpg,FALSE,Radar — Monster Lupas,O mais icônico dos esportivos — amplo campo de visão e alta performance.,active
radar,,,,,,,,,Branca Lente Tanzanite,ML-RADAR-02,120,,,continue,manual,179.90,297.90,TRUE,TRUE,,https://site-pi-six-62.vercel.app/assets/produtos/radar/branca-lente-tanzanite.jpg,2,Radar — Branca Lente Tanzanite,https://site-pi-six-62.vercel.app/assets/produtos/radar/branca-lente-tanzanite.jpg,,,,
radar,,,,,,,,,Branza Lente Gold,ML-RADAR-03,120,,,continue,manual,179.90,297.90,TRUE,TRUE,,https://site-pi-six-62.vercel.app/assets/produtos/radar/branza-lente-gold.jpg,3,Radar — Branza Lente Gold,https://site-pi-six-62.vercel.app/assets/produtos/radar/branza-lente-gold.jpg,,,,
radar,,,,,,,,,Bronze Lente Dark Ruby,ML-RADAR-04,120,,,continue,manual,179.90,297.90,TRUE,TRUE,,https://site-pi-six-62.vercel.app/assets/produtos/radar/bronze-lente-dark-ruby.jpg,4,Radar — Bronze Lente Dark Ruby,https://site-pi-six-62.vercel.app/assets/produtos/radar/bronze-lente-dark-ruby.jpg,,,,
radar,,,,,,,,,Cinza Lente Preta,ML-RADAR-05,120,,,continue,manual,179.90,297.90,TRUE,TRUE,,https://site-pi-six-62.vercel.app/assets/produtos/radar/cinza-lente-preta.jpg,5,Radar — Cinza Lente Preta,https://site-pi-six-62.vercel.app/assets/produtos/radar/cinza-lente-preta.jpg,,,,
radar,,,,,,,,,Cooper Lente Gold,ML-RADAR-06,120,,,continue,manual,179.90,297.90,TRUE,TRUE,,https://site-pi-six-62.vercel.app/assets/produtos/radar/cooper-lente-gold.jpg,6,Radar — Cooper Lente Gold,https://site-pi-six-62.vercel.app/assets/produtos/radar/cooper-lente-gold.jpg,,,,
radar,,,,,,,,,Cooper Lente VR28 Kit,ML-RADAR-07,120,,,continue,manual,179.90,297.90,TRUE,TRUE,,https://site-pi-six-62.vercel.app/assets/produtos/radar/cooper-lente-vr28-kit.jpg,7,Radar — Cooper Lente VR28 Kit,https://site-pi-six-62.vercel.app/assets/produtos/radar/cooper-lente-vr28-kit.jpg,,,,
radar,,,,,,,,,Cooper Lente VR28,ML-RADAR-08,120,,,continue,manual,179.90,297.90,TRUE,TRUE,,https://site-pi-six-62.vercel.app/assets/produtos/radar/cooper-lente-vr28.jpg,8,Radar — Cooper Lente VR28,https://site-pi-six-62.vercel.app/assets/produtos/radar/cooper-lente-vr28.jpg,,,,
radar,,,,,,,,,Piet Lente Azul Claro,ML-RADAR-09,120,,,continue,manual,179.90,297.90,TRUE,TRUE,,https://site-pi-six-62.vercel.app/assets/produtos/radar/piet-lente-azul-claro.jpg,9,Radar — Piet Lente Azul Claro,https://site-pi-six-62.vercel.app/assets/produtos/radar/piet-lente-azul-claro.jpg,,,,
radar,,,,,,,,,Piet Lente Espelhada,ML-RADAR-10,120,,,continue,manual,179.90,297.90,TRUE,TRUE,,https://site-pi-six-62.vercel.app/assets/produtos/radar/piet-lente-espelhada.jpg,10,Radar — Piet Lente Espelhada,https://site-pi-six-62.vercel.app/assets/produtos/radar/piet-lente-espelhada.jpg,,,,
radar,,,,,,,,,Piet Lente Gold Café,ML-RADAR-11,120,,,continue,manual,179.90,297.90,TRUE,TRUE,,https://site-pi-six-62.vercel.app/assets/produtos/radar/piet-lente-gold-cafe.jpg,11,Radar — Piet Lente Gold Café,https://site-pi-six-62.vercel.app/assets/produtos/radar/piet-lente-gold-cafe.jpg,,,,
radar,,,,,,,,,Piet Lente Preta,ML-RADAR-12,120,,,continue,manual,179.90,297.90,TRUE,TRUE,,https://site-pi-six-62.vercel.app/assets/produtos/radar/piet-lente-preta.jpg,12,Radar — Piet Lente Preta,https://site-pi-six-62.vercel.app/assets/produtos/radar/piet-lente-preta.jpg,,,,
radar,,,,,,,,,Piet Lente Ruby,ML-RADAR-13,120,,,continue,manual,179.90,297.90,TRUE,TRUE,,https://site-pi-six-62.vercel.app/assets/produtos/radar/piet-lente-ruby.jpg,13,Radar — Piet Lente Ruby,https://site-pi-six-62.vercel.app/assets/produtos/radar/piet-lente-ruby.jpg,,,,
radar,,,,,,,,,Piet Lente Torch,ML-RADAR-14,120,,,continue,manual,179.90,297.90,TRUE,TRUE,,https://site-pi-six-62.vercel.app/assets/produtos/radar/piet-lente-torch.jpg,14,Radar — Piet Lente Torch,https://site-pi-six-62.vercel.app/assets/produtos/radar/piet-lente-torch.jpg,,,,
radar,,,,,,,,,Piet Verde Lente Preta,ML-RADAR-15,120,,,continue,manual,179.90,297.90,TRUE,TRUE,,https://site-pi-six-62.vercel.app/assets/produtos/radar/piet-verde-lente-preta.jpg,15,Radar — Piet Verde Lente Preta,https://site-pi-six-62.vercel.app/assets/produtos/radar/piet-verde-lente-preta.jpg,,,,
radar,,,,,,,,,Preta Lente Dark Ruby,ML-RADAR-16,120,,,continue,manual,179.90,297.90,TRUE,TRUE,,https://site-pi-six-62.vercel.app/assets/produtos/radar/preta-lente-dark-ruby.jpg,16,Radar — Preta Lente Dark Ruby,https://site-pi-six-62.vercel.app/assets/produtos/radar/preta-lente-dark-ruby.jpg,,,,
radar,,,,,,,,,Preta Lente Espelhada,ML-RADAR-17,120,,,continue,manual,179.90,297.90,TRUE,TRUE,,https://site-pi-six-62.vercel.app/assets/produtos/radar/preta-lente-espelhada.jpg,17,Radar — Preta Lente Espelhada,https://site-pi-six-62.vercel.app/assets/produtos/radar/preta-lente-espelhada.jpg,,,,
radar,,,,,,,,,Preta Lente Preta,ML-RADAR-18,120,,,continue,manual,179.90,297.90,TRUE,TRUE,,https://site-pi-six-62.vercel.app/assets/produtos/radar/preta-lente-preta.jpg,18,Radar — Preta Lente Preta,https://site-pi-six-62.vercel.app/assets/produtos/radar/preta-lente-preta.jpg,,,,
radar,,,,,,,,,Preta Lente Roxa,ML-RADAR-19,120,,,continue,manual,179.90,297.90,TRUE,TRUE,,https://site-pi-six-62.vercel.app/assets/produtos/radar/preta-lente-roxa.jpg,19,Radar — Preta Lente Roxa,https://site-pi-six-62.vercel.app/assets/produtos/radar/preta-lente-roxa.jpg,,,,
radar,,,,,,,,,Preta Lente Ruby,ML-RADAR-20,120,,,continue,manual,179.90,297.90,TRUE,TRUE,,https://site-pi-six-62.vercel.app/assets/produtos/radar/preta-lente-ruby.jpg,20,Radar — Preta Lente Ruby,https://site-pi-six-62.vercel.app/assets/produtos/radar/preta-lente-ruby.jpg,,,,
radar,,,,,,,,,Preta Lente Sapphire,ML-RADAR-21,120,,,continue,manual,179.90,297.90,TRUE,TRUE,,https://site-pi-six-62.vercel.app/assets/produtos/radar/preta-lente-sapphire.jpg,21,Radar — Preta Lente Sapphire,https://site-pi-six-62.vercel.app/assets/produtos/radar/preta-lente-sapphire.jpg,,,,
radar,,,,,,,,,Preta Lente Tanzanite,ML-RADAR-22,120,,,continue,manual,179.90,297.90,TRUE,TRUE,,https://site-pi-six-62.vercel.app/assets/produtos/radar/preta-lente-tanzanite.jpg,22,Radar — Preta Lente Tanzanite,https://site-pi-six-62.vercel.app/assets/produtos/radar/preta-lente-tanzanite.jpg,,,,
radar,,,,,,,,,Preta Lente Vermelho,ML-RADAR-23,120,,,continue,manual,179.90,297.90,TRUE,TRUE,,https://site-pi-six-62.vercel.app/assets/produtos/radar/preta-lente-vermelho.jpg,23,Radar — Preta Lente Vermelho,https://site-pi-six-62.vercel.app/assets/produtos/radar/preta-lente-vermelho.jpg,,,,
radar-kit,Radar + Kit,"<p>O Radar completo, com kit de lentes intercambiáveis.</p><p>Óculos Radar + Kit com proteção UV400 e lente polarizada. Estoque próprio, envio rápido para todo o Brasil.</p>",Monster Lupas,,Óculos de Sol,"categoria-esportiva, colecao-novidades, colecao-performance",TRUE,Cor,Dark Ruby,ML-RADAR-KIT-01,120,,,continue,manual,179.90,297.90,TRUE,TRUE,,https://site-pi-six-62.vercel.app/assets/produtos/radar-kit/dark-ruby.jpg,1,Radar + Kit — Dark Ruby,https://site-pi-six-62.vercel.app/assets/produtos/radar-kit/dark-ruby.jpg,FALSE,Radar + Kit — Monster Lupas,"O Radar completo, com kit de lentes intercambiáveis.",active
radar-kit,,,,,,,,,Espelhada,ML-RADAR-KIT-02,120,,,continue,manual,179.90,297.90,TRUE,TRUE,,https://site-pi-six-62.vercel.app/assets/produtos/radar-kit/espelhada.jpg,2,Radar + Kit — Espelhada,https://site-pi-six-62.vercel.app/assets/produtos/radar-kit/espelhada.jpg,,,,
radar-kit,,,,,,,,,Preta,ML-RADAR-KIT-03,120,,,continue,manual,179.90,297.90,TRUE,TRUE,,https://site-pi-six-62.vercel.app/assets/produtos/radar-kit/preta.jpg,3,Radar + Kit — Preta,https://site-pi-six-62.vercel.app/assets/produtos/radar-kit/preta.jpg,,,,
radar-kit,,,,,,,,,Roxa,ML-RADAR-KIT-04,120,,,continue,manual,179.90,297.90,TRUE,TRUE,,https://site-pi-six-62.vercel.app/assets/produtos/radar-kit/roxa.jpg,4,Radar + Kit — Roxa,https://site-pi-six-62.vercel.app/assets/produtos/radar-kit/roxa.jpg,,,,
radar-kit,,,,,,,,,Ruby,ML-RADAR-KIT-05,120,,,continue,manual,179.90,297.90,TRUE,TRUE,,https://site-pi-six-62.vercel.app/assets/produtos/radar-kit/ruby.jpg,5,Radar + Kit — Ruby,https://site-pi-six-62.vercel.app/assets/produtos/radar-kit/ruby.jpg,,,,
radar-kit,,,,,,,,,Sapphire,ML-RADAR-KIT-06,120,,,continue,manual,179.90,297.90,TRUE,TRUE,,https://site-pi-six-62.vercel.app/assets/produtos/radar-kit/sapphire.jpg,6,Radar + Kit — Sapphire,https://site-pi-six-62.vercel.app/assets/produtos/radar-kit/sapphire.jpg,,,,
radar-kit,,,,,,,,,Tanzanite,ML-RADAR-KIT-07,120,,,continue,manual,179.90,297.90,TRUE,TRUE,,https://site-pi-six-62.vercel.app/assets/produtos/radar-kit/tanzanite.jpg,7,Radar + Kit — Tanzanite,https://site-pi-six-62.vercel.app/assets/produtos/radar-kit/tanzanite.jpg,,,,
radarlock,RadarLock,"<p>Tecnologia Switchlock para trocar de lente em segundos.</p><p>Óculos RadarLock com proteção UV400 e lente polarizada. Estoque próprio, envio rápido para todo o Brasil.</p>",Monster Lupas,,Óculos de Sol,"categoria-esportiva, colecao-novidades, colecao-performance",TRUE,Cor,Preta Lente Preta,ML-RADARLOCK-01,120,,,continue,manual,179.90,297.90,TRUE,TRUE,,https://site-pi-six-62.vercel.app/assets/produtos/radarlock/preta-lente-preta.jpg,1,RadarLock — Preta Lente Preta,https://site-pi-six-62.vercel.app/assets/produtos/radarlock/preta-lente-preta.jpg,FALSE,RadarLock — Monster Lupas,Tecnologia Switchlock para trocar de lente em segundos.,active
radarlock,,,,,,,,,Silver Lente Espelhada,ML-RADARLOCK-02,120,,,continue,manual,179.90,297.90,TRUE,TRUE,,https://site-pi-six-62.vercel.app/assets/produtos/radarlock/silver-lente-espelhada.jpg,2,RadarLock — Silver Lente Espelhada,https://site-pi-six-62.vercel.app/assets/produtos/radarlock/silver-lente-espelhada.jpg,,,,
romeo-1,Romeo 1,"<p>Clássico X-Metal de colecionador, visto em Missão Impossível 2.</p><p>Óculos Romeo 1 com proteção UV400 e lente polarizada. Estoque próprio, envio rápido para todo o Brasil.</p>",Monster Lupas,,Óculos de Sol,"categoria-x-metal, colecao-novidades, colecao-colecionador",TRUE,Cor,Xmetal Lente Espelhada,ML-ROMEO-1-01,120,,,continue,manual,179.90,297.90,TRUE,TRUE,,https://site-pi-six-62.vercel.app/assets/produtos/romeo-1/xmetal-lente-espelhada.jpg,1,Romeo 1 — Xmetal Lente Espelhada,https://site-pi-six-62.vercel.app/assets/produtos/romeo-1/xmetal-lente-espelhada.jpg,FALSE,Romeo 1 — Monster Lupas,"Clássico X-Metal de colecionador, visto em Missão Impossível 2.",active
romeo-1,,,,,,,,,Xmetal Lente Gold,ML-ROMEO-1-02,120,,,continue,manual,179.90,297.90,TRUE,TRUE,,https://site-pi-six-62.vercel.app/assets/produtos/romeo-1/xmetal-lente-gold.jpg,2,Romeo 1 — Xmetal Lente Gold,https://site-pi-six-62.vercel.app/assets/produtos/romeo-1/xmetal-lente-gold.jpg,,,,
romeo-1,,,,,,,,,Xmetal Lente Preta,ML-ROMEO-1-03,120,,,continue,manual,179.90,297.90,TRUE,TRUE,,https://site-pi-six-62.vercel.app/assets/produtos/romeo-1/xmetal-lente-preta.jpg,3,Romeo 1 — Xmetal Lente Preta,https://site-pi-six-62.vercel.app/assets/produtos/romeo-1/xmetal-lente-preta.jpg,,,,
romeo-1,,,,,,,,,Xmetal Lente Ruby,ML-ROMEO-1-04,120,,,continue,manual,179.90,297.90,TRUE,TRUE,,https://site-pi-six-62.vercel.app/assets/produtos/romeo-1/xmetal-lente-ruby.jpg,4,Romeo 1 — Xmetal Lente Ruby,https://site-pi-six-62.vercel.app/assets/produtos/romeo-1/xmetal-lente-ruby.jpg,,,,
romeo-1,,,,,,,,,Xmetal Lente Tanzanite,ML-ROMEO-1-05,120,,,continue,manual,179.90,297.90,TRUE,TRUE,,https://site-pi-six-62.vercel.app/assets/produtos/romeo-1/xmetal-lente-tanzanite.jpg,5,Romeo 1 — Xmetal Lente Tanzanite,https://site-pi-six-62.vercel.app/assets/produtos/romeo-1/xmetal-lente-tanzanite.jpg,,,,
romeo-1,,,,,,,,,Xmetal Lente Dark Ruby,ML-ROMEO-1-06,120,,,continue,manual,179.90,297.90,TRUE,TRUE,,https://site-pi-six-62.vercel.app/assets/produtos/romeo-1/xmetal-lentes-dark-ruby.jpg,6,Romeo 1 — Xmetal Lente Dark Ruby,https://site-pi-six-62.vercel.app/assets/produtos/romeo-1/xmetal-lentes-dark-ruby.jpg,,,,
romeo-2-carbon,Romeo 2 Carbon,"<p>X-Metal em titânio na tonalidade Carbon — leve e resistente.</p><p>Óculos Romeo 2 Carbon com proteção UV400 e lente polarizada. Estoque próprio, envio rápido para todo o Brasil.</p>",Monster Lupas,,Óculos de Sol,"categoria-x-metal, colecao-novidades, colecao-colecionador",TRUE,Cor,Black Lentes Black,ML-ROMEO-2-CARBON-01,120,,,continue,manual,179.90,297.90,TRUE,TRUE,,https://site-pi-six-62.vercel.app/assets/produtos/romeo-2-carbon/black-lentes-black.jpg,1,Romeo 2 Carbon — Black Lentes Black,https://site-pi-six-62.vercel.app/assets/produtos/romeo-2-carbon/black-lentes-black.jpg,FALSE,Romeo 2 Carbon — Monster Lupas,X-Metal em titânio na tonalidade Carbon — leve e resistente.,active
romeo-2-carbon,,,,,,,,,Black Lentes Espelhada,ML-ROMEO-2-CARBON-02,120,,,continue,manual,179.90,297.90,TRUE,TRUE,,https://site-pi-six-62.vercel.app/assets/produtos/romeo-2-carbon/black-lentes-espelhada.jpg,2,Romeo 2 Carbon — Black Lentes Espelhada,https://site-pi-six-62.vercel.app/assets/produtos/romeo-2-carbon/black-lentes-espelhada.jpg,,,,
romeo-2-carbon,,,,,,,,,Carbon Lentes Dark Ruby,ML-ROMEO-2-CARBON-03,120,,,continue,manual,179.90,297.90,TRUE,TRUE,,https://site-pi-six-62.vercel.app/assets/produtos/romeo-2-carbon/carbon-lentes-dark-ruby.jpg,3,Romeo 2 Carbon — Carbon Lentes Dark Ruby,https://site-pi-six-62.vercel.app/assets/produtos/romeo-2-carbon/carbon-lentes-dark-ruby.jpg,,,,
romeo-2-carbon,,,,,,,,,Ice Thug,ML-ROMEO-2-CARBON-04,120,,,continue,manual,179.90,297.90,TRUE,TRUE,,https://site-pi-six-62.vercel.app/assets/produtos/romeo-2-carbon/ice-thug.jpg,4,Romeo 2 Carbon — Ice Thug,https://site-pi-six-62.vercel.app/assets/produtos/romeo-2-carbon/ice-thug.jpg,,,,
romeo-2-carbon,,,,,,,,,Neon Blue,ML-ROMEO-2-CARBON-05,120,,,continue,manual,179.90,297.90,TRUE,TRUE,,https://site-pi-six-62.vercel.app/assets/produtos/romeo-2-carbon/neon-blue.jpg,5,Romeo 2 Carbon — Neon Blue,https://site-pi-six-62.vercel.app/assets/produtos/romeo-2-carbon/neon-blue.jpg,,,,
romeo-2-carbon,,,,,,,,,Plasma Lentes Espelhada,ML-ROMEO-2-CARBON-06,120,,,continue,manual,179.90,297.90,TRUE,TRUE,,https://site-pi-six-62.vercel.app/assets/produtos/romeo-2-carbon/plasma-lentes-espelhada.jpg,6,Romeo 2 Carbon — Plasma Lentes Espelhada,https://site-pi-six-62.vercel.app/assets/produtos/romeo-2-carbon/plasma-lentes-espelhada.jpg,,,,
romeo-2-carbon,,,,,,,,,Preto,ML-ROMEO-2-CARBON-07,120,,,continue,manual,179.90,297.90,TRUE,TRUE,,https://site-pi-six-62.vercel.app/assets/produtos/romeo-2-carbon/preto.jpg,7,Romeo 2 Carbon — Preto,https://site-pi-six-62.vercel.app/assets/produtos/romeo-2-carbon/preto.jpg,,,,
romeo-2-carbon,,,,,,,,,Xmetal Lentes Black,ML-ROMEO-2-CARBON-08,120,,,continue,manual,179.90,297.90,TRUE,TRUE,,https://site-pi-six-62.vercel.app/assets/produtos/romeo-2-carbon/xmetal-lentes-black.jpg,8,Romeo 2 Carbon — Xmetal Lentes Black,https://site-pi-six-62.vercel.app/assets/produtos/romeo-2-carbon/xmetal-lentes-black.jpg,,,,
romeo-2-carbon,,,,,,,,,Xmetal Lentes Espelhada,ML-ROMEO-2-CARBON-09,120,,,continue,manual,179.90,297.90,TRUE,TRUE,,https://site-pi-six-62.vercel.app/assets/produtos/romeo-2-carbon/xmetal-lentes-espelhada.jpg,9,Romeo 2 Carbon — Xmetal Lentes Espelhada,https://site-pi-six-62.vercel.app/assets/produtos/romeo-2-carbon/xmetal-lentes-espelhada.jpg,,,,
romeo-2-carbon,,,,,,,,,Xmetal Lentes Ice,ML-ROMEO-2-CARBON-10,120,,,continue,manual,179.90,297.90,TRUE,TRUE,,https://site-pi-six-62.vercel.app/assets/produtos/romeo-2-carbon/xmetal-lentes-ice.jpg,10,Romeo 2 Carbon — Xmetal Lentes Ice,https://site-pi-six-62.vercel.app/assets/produtos/romeo-2-carbon/xmetal-lentes-ice.jpg,,,,
romeo-2-carbon,,,,,,,,,Xmetal Lentes Ruby,ML-ROMEO-2-CARBON-11,120,,,continue,manual,179.90,297.90,TRUE,TRUE,,https://site-pi-six-62.vercel.app/assets/produtos/romeo-2-carbon/xmetal-lentes-ruby.jpg,11,Romeo 2 Carbon — Xmetal Lentes Ruby,https://site-pi-six-62.vercel.app/assets/produtos/romeo-2-carbon/xmetal-lentes-ruby.jpg,,,,
romeo-2-carbon,,,,,,,,,Xmetal Lentes Tanzanite,ML-ROMEO-2-CARBON-12,120,,,continue,manual,179.90,297.90,TRUE,TRUE,,https://site-pi-six-62.vercel.app/assets/produtos/romeo-2-carbon/xmetal-lentes-tanzanite.jpg,12,Romeo 2 Carbon — Xmetal Lentes Tanzanite,https://site-pi-six-62.vercel.app/assets/produtos/romeo-2-carbon/xmetal-lentes-tanzanite.jpg,,,,
sphaera,Sphaera,"<p>Design arredondado e minimalista — estilo discreto no dia a dia.</p><p>Óculos Sphaera com proteção UV400 e lente polarizada. Estoque próprio, envio rápido para todo o Brasil.</p>",Monster Lupas,,Óculos de Sol,"categoria-classica, colecao-novidades",TRUE,Cor,Preta,ML-SPHAERA-01,120,,,continue,manual,179.90,297.90,TRUE,TRUE,,https://site-pi-six-62.vercel.app/assets/produtos/sphaera/preta-1.jpg,1,Sphaera — Preta,https://site-pi-six-62.vercel.app/assets/produtos/sphaera/preta-1.jpg,FALSE,Sphaera — Monster Lupas,Design arredondado e minimalista — estilo discreto no dia a dia.,active
splice,Splice,"<p>Armação versátil, com dezenas de combinações de cor.</p><p>Óculos Splice com proteção UV400 e lente polarizada. Estoque próprio, envio rápido para todo o Brasil.</p>",Monster Lupas,,Óculos de Sol,"categoria-classica, colecao-novidades",TRUE,Cor,Cinza com Preto Lente Dark Ruby,ML-SPLICE-01,120,,,continue,manual,179.90,297.90,TRUE,TRUE,,https://site-pi-six-62.vercel.app/assets/produtos/splice/cinza-com-preto-lente-dark-ruby.jpg,1,Splice — Cinza com Preto Lente Dark Ruby,https://site-pi-six-62.vercel.app/assets/produtos/splice/cinza-com-preto-lente-dark-ruby.jpg,FALSE,Splice — Monster Lupas,"Armação versátil, com dezenas de combinações de cor.",active
splice,,,,,,,,,Cinza com Preto Lente Gold Café,ML-SPLICE-02,120,,,continue,manual,179.90,297.90,TRUE,TRUE,,https://site-pi-six-62.vercel.app/assets/produtos/splice/cinza-com-preto-lente-gold-cafe.jpg,2,Splice — Cinza com Preto Lente Gold Café,https://site-pi-six-62.vercel.app/assets/produtos/splice/cinza-com-preto-lente-gold-cafe.jpg,,,,
splice,,,,,,,,,Cinza com Preto Lente Preta,ML-SPLICE-03,120,,,continue,manual,179.90,297.90,TRUE,TRUE,,https://site-pi-six-62.vercel.app/assets/produtos/splice/cinza-com-preto-lente-preta.jpg,3,Splice — Cinza com Preto Lente Preta,https://site-pi-six-62.vercel.app/assets/produtos/splice/cinza-com-preto-lente-preta.jpg,,,,
splice,,,,,,,,,Cinza com Preto Lente VR28,ML-SPLICE-04,120,,,continue,manual,179.90,297.90,TRUE,TRUE,,https://site-pi-six-62.vercel.app/assets/produtos/splice/cinza-com-preto-lente-vr28.jpg,4,Splice — Cinza com Preto Lente VR28,https://site-pi-six-62.vercel.app/assets/produtos/splice/cinza-com-preto-lente-vr28.jpg,,,,
splice,,,,,,,,,Cinza Lente Dark Ruby,ML-SPLICE-05,120,,,continue,manual,179.90,297.90,TRUE,TRUE,,https://site-pi-six-62.vercel.app/assets/produtos/splice/cinza-lente-dark-ruby.jpg,5,Splice — Cinza Lente Dark Ruby,https://site-pi-six-62.vercel.app/assets/produtos/splice/cinza-lente-dark-ruby.jpg,,,,
splice,,,,,,,,,Cinza Lente Espelhada,ML-SPLICE-06,120,,,continue,manual,179.90,297.90,TRUE,TRUE,,https://site-pi-six-62.vercel.app/assets/produtos/splice/cinza-lente-espelhada.jpg,6,Splice — Cinza Lente Espelhada,https://site-pi-six-62.vercel.app/assets/produtos/splice/cinza-lente-espelhada.jpg,,,,
splice,,,,,,,,,Cinza Lente Gold Café,ML-SPLICE-07,120,,,continue,manual,179.90,297.90,TRUE,TRUE,,https://site-pi-six-62.vercel.app/assets/produtos/splice/cinza-lente-gold-cafe.jpg,7,Splice — Cinza Lente Gold Café,https://site-pi-six-62.vercel.app/assets/produtos/splice/cinza-lente-gold-cafe.jpg,,,,
splice,,,,,,,,,Cinza Lente Preta,ML-SPLICE-08,120,,,continue,manual,179.90,297.90,TRUE,TRUE,,https://site-pi-six-62.vercel.app/assets/produtos/splice/cinza-lente-preta.jpg,8,Splice — Cinza Lente Preta,https://site-pi-six-62.vercel.app/assets/produtos/splice/cinza-lente-preta.jpg,,,,
splice,,,,,,,,,Cinza Lente Tanzanite,ML-SPLICE-09,120,,,continue,manual,179.90,297.90,TRUE,TRUE,,https://site-pi-six-62.vercel.app/assets/produtos/splice/cinza-lente-tanzanite.jpg,9,Splice — Cinza Lente Tanzanite,https://site-pi-six-62.vercel.app/assets/produtos/splice/cinza-lente-tanzanite.jpg,,,,
splice,,,,,,,,,Cinza Lente VR28,ML-SPLICE-10,120,,,continue,manual,179.90,297.90,TRUE,TRUE,,https://site-pi-six-62.vercel.app/assets/produtos/splice/cinza-lente-vr28.jpg,10,Splice — Cinza Lente VR28,https://site-pi-six-62.vercel.app/assets/produtos/splice/cinza-lente-vr28.jpg,,,,
splice,,,,,,,,,Cooper Lente Dark Ruby,ML-SPLICE-11,120,,,continue,manual,179.90,297.90,TRUE,TRUE,,https://site-pi-six-62.vercel.app/assets/produtos/splice/cooper-lente-dark-ruby.jpg,11,Splice — Cooper Lente Dark Ruby,https://site-pi-six-62.vercel.app/assets/produtos/splice/cooper-lente-dark-ruby.jpg,,,,
splice,,,,,,,,,Cooper Lente VR28,ML-SPLICE-12,120,,,continue,manual,179.90,297.90,TRUE,TRUE,,https://site-pi-six-62.vercel.app/assets/produtos/splice/cooper-vr28.jpg,12,Splice — Cooper Lente VR28,https://site-pi-six-62.vercel.app/assets/produtos/splice/cooper-vr28.jpg,,,,
splice,,,,,,,,,Preta Lente Espelhada,ML-SPLICE-13,120,,,continue,manual,179.90,297.90,TRUE,TRUE,,https://site-pi-six-62.vercel.app/assets/produtos/splice/preta-lente-espelhada.jpg,13,Splice — Preta Lente Espelhada,https://site-pi-six-62.vercel.app/assets/produtos/splice/preta-lente-espelhada.jpg,,,,
splice,,,,,,,,,Preta Lente Preta,ML-SPLICE-14,120,,,continue,manual,179.90,297.90,TRUE,TRUE,,https://site-pi-six-62.vercel.app/assets/produtos/splice/preta-lente-preta.jpg,14,Splice — Preta Lente Preta,https://site-pi-six-62.vercel.app/assets/produtos/splice/preta-lente-preta.jpg,,,,
splice,,,,,,,,,Preta Lente Torch,ML-SPLICE-15,120,,,continue,manual,179.90,297.90,TRUE,TRUE,,https://site-pi-six-62.vercel.app/assets/produtos/splice/preta-lente-torch.jpg,15,Splice — Preta Lente Torch,https://site-pi-six-62.vercel.app/assets/produtos/splice/preta-lente-torch.jpg,,,,
spyke,Spyke,"<p>Lentes de alta tecnologia — Prizm, VR28 e Low Light.</p><p>Óculos Spyke com proteção UV400 e lente polarizada. Estoque próprio, envio rápido para todo o Brasil.</p>",Monster Lupas,,Óculos de Sol,"categoria-esportiva, colecao-novidades, colecao-performance",TRUE,Cor,Low Light,ML-SPYKE-01,120,,,continue,manual,179.90,297.90,TRUE,TRUE,,https://site-pi-six-62.vercel.app/assets/produtos/spyke/low-light.jpg,1,Spyke — Low Light,https://site-pi-six-62.vercel.app/assets/produtos/spyke/low-light.jpg,FALSE,Spyke — Monster Lupas,"Lentes de alta tecnologia — Prizm, VR28 e Low Light.",active
spyke,,,,,,,,,Prizm,ML-SPYKE-02,120,,,continue,manual,179.90,297.90,TRUE,TRUE,,https://site-pi-six-62.vercel.app/assets/produtos/spyke/prizm.jpg,2,Spyke — Prizm,https://site-pi-six-62.vercel.app/assets/produtos/spyke/prizm.jpg,,,,
spyke,,,,,,,,,VR28,ML-SPYKE-03,120,,,continue,manual,179.90,297.90,TRUE,TRUE,,https://site-pi-six-62.vercel.app/assets/produtos/spyke/vr28.jpg,3,Spyke — VR28,https://site-pi-six-62.vercel.app/assets/produtos/spyke/vr28.jpg,,,,
straight-jacket,Straight Jacket,"<p>O clássico anos 90 que inspirou toda uma geração de modelos esportivos.</p><p>Óculos Straight Jacket com proteção UV400 e lente polarizada. Estoque próprio, envio rápido para todo o Brasil.</p>",Monster Lupas,,Óculos de Sol,"categoria-esportiva, colecao-novidades, colecao-performance",TRUE,Cor,Cooper Lente Preta,ML-STRAIGHT-JACKET-01,120,,,continue,manual,179.90,297.90,TRUE,TRUE,,https://site-pi-six-62.vercel.app/assets/produtos/straight-jacket/cooper-lente-preta.jpg,1,Straight Jacket — Cooper Lente Preta,https://site-pi-six-62.vercel.app/assets/produtos/straight-jacket/cooper-lente-preta.jpg,FALSE,Straight Jacket — Monster Lupas,O clássico anos 90 que inspirou toda uma geração de modelos esportivos.,active
straight-jacket,,,,,,,,,Cooper Lente Tanzanite,ML-STRAIGHT-JACKET-02,120,,,continue,manual,179.90,297.90,TRUE,TRUE,,https://site-pi-six-62.vercel.app/assets/produtos/straight-jacket/cooper-lente-tanzanite.jpg,2,Straight Jacket — Cooper Lente Tanzanite,https://site-pi-six-62.vercel.app/assets/produtos/straight-jacket/cooper-lente-tanzanite.jpg,,,,
straight-jacket,,,,,,,,,Cooper Lente VR28,ML-STRAIGHT-JACKET-03,120,,,continue,manual,179.90,297.90,TRUE,TRUE,,https://site-pi-six-62.vercel.app/assets/produtos/straight-jacket/cooper-lente-vr28.jpg,3,Straight Jacket — Cooper Lente VR28,https://site-pi-six-62.vercel.app/assets/produtos/straight-jacket/cooper-lente-vr28.jpg,,,,
thump,Thump,"<p>Peça de colecionador — um dos primeiros óculos wearable da história.</p><p>Óculos Thump com proteção UV400 e lente polarizada. Estoque próprio, envio rápido para todo o Brasil.</p>",Monster Lupas,,Óculos de Sol,"categoria-classica, colecao-novidades, colecao-colecionador",TRUE,Cor,Carbon Lentes G26,ML-THUMP-01,120,,,continue,manual,179.90,297.90,TRUE,TRUE,,https://site-pi-six-62.vercel.app/assets/produtos/thump/carbon-lentes-g26.jpg,1,Thump — Carbon Lentes G26,https://site-pi-six-62.vercel.app/assets/produtos/thump/carbon-lentes-g26.jpg,FALSE,Thump — Monster Lupas,Peça de colecionador — um dos primeiros óculos wearable da história.,active
thump,,,,,,,,,Carbon Lentes Ice,ML-THUMP-02,120,,,continue,manual,179.90,297.90,TRUE,TRUE,,https://site-pi-six-62.vercel.app/assets/produtos/thump/carbon-lentes-ice.jpg,2,Thump — Carbon Lentes Ice,https://site-pi-six-62.vercel.app/assets/produtos/thump/carbon-lentes-ice.jpg,,,,
thump,,,,,,,,,Carbon Lentes Ruby,ML-THUMP-03,120,,,continue,manual,179.90,297.90,TRUE,TRUE,,https://site-pi-six-62.vercel.app/assets/produtos/thump/carbon-lentes-ruby.jpg,3,Thump — Carbon Lentes Ruby,https://site-pi-six-62.vercel.app/assets/produtos/thump/carbon-lentes-ruby.jpg,,,,
thump,,,,,,,,,Carbon Lentes Tanzanite,ML-THUMP-04,120,,,continue,manual,179.90,297.90,TRUE,TRUE,,https://site-pi-six-62.vercel.app/assets/produtos/thump/carbon-lentes-tanzanite.jpg,4,Thump — Carbon Lentes Tanzanite,https://site-pi-six-62.vercel.app/assets/produtos/thump/carbon-lentes-tanzanite.jpg,,,,
vilao-com-mola,Vilão com Mola,"<p>A lupinha do vilão — armação de metal com mola, estilo urbano marcante.</p><p>Óculos Vilão com Mola com proteção UV400 e lente polarizada. Estoque próprio, envio rápido para todo o Brasil.</p>",Monster Lupas,,Óculos de Sol,"categoria-streetwear, colecao-novidades",TRUE,Cor,Dourada Transparente,ML-VILAO-COM-MOLA-01,120,,,continue,manual,179.90,297.90,TRUE,TRUE,,https://site-pi-six-62.vercel.app/assets/produtos/vilao-com-mola/dourada-transparente.jpg,1,Vilão com Mola — Dourada Transparente,https://site-pi-six-62.vercel.app/assets/produtos/vilao-com-mola/dourada-transparente.jpg,FALSE,Vilão com Mola — Monster Lupas,"A lupinha do vilão — armação de metal com mola, estilo urbano marcante.",active
vilao-com-mola,,,,,,,,,Prata Transparente,ML-VILAO-COM-MOLA-02,120,,,continue,manual,179.90,297.90,TRUE,TRUE,,https://site-pi-six-62.vercel.app/assets/produtos/vilao-com-mola/prata-transparente.jpg,2,Vilão com Mola — Prata Transparente,https://site-pi-six-62.vercel.app/assets/produtos/vilao-com-mola/prata-transparente.jpg,,,,
vilao-com-mola,,,,,,,,,Preta Transparente,ML-VILAO-COM-MOLA-03,120,,,continue,manual,179.90,297.90,TRUE,TRUE,,https://site-pi-six-62.vercel.app/assets/produtos/vilao-com-mola/preta-transparente.jpg,3,Vilão com Mola — Preta Transparente,https://site-pi-six-62.vercel.app/assets/produtos/vilao-com-mola/preta-transparente.jpg,,,,
x-squared,X Squared,"<p>X-Metal futurista — leveza, durabilidade e visual de colecionador.</p><p>Óculos X Squared com proteção UV400 e lente polarizada. Estoque próprio, envio rápido para todo o Brasil.</p>",Monster Lupas,,Óculos de Sol,"categoria-x-metal, colecao-novidades, colecao-colecionador",TRUE,Cor,24K Lentes Gold,ML-X-SQUARED-01,120,,,continue,manual,179.90,297.90,TRUE,TRUE,,https://site-pi-six-62.vercel.app/assets/produtos/x-squared/24k-lentes-gold.jpg,1,X Squared — 24K Lentes Gold,https://site-pi-six-62.vercel.app/assets/produtos/x-squared/24k-lentes-gold.jpg,FALSE,X Squared — Monster Lupas,"X-Metal futurista — leveza, durabilidade e visual de colecionador.",active
x-squared,,,,,,,,,Carbon Lentes Black,ML-X-SQUARED-02,120,,,continue,manual,179.90,297.90,TRUE,TRUE,,https://site-pi-six-62.vercel.app/assets/produtos/x-squared/carbon-lentes-black.jpg,2,X Squared — Carbon Lentes Black,https://site-pi-six-62.vercel.app/assets/produtos/x-squared/carbon-lentes-black.jpg,,,,
x-squared,,,,,,,,,Xmetal Lentes Azul Escuro,ML-X-SQUARED-03,120,,,continue,manual,179.90,297.90,TRUE,TRUE,,https://site-pi-six-62.vercel.app/assets/produtos/x-squared/xmetal-lentes-azul-escuro.jpg,3,X Squared — Xmetal Lentes Azul Escuro,https://site-pi-six-62.vercel.app/assets/produtos/x-squared/xmetal-lentes-azul-escuro.jpg,,,,
x-squared,,,,,,,,,Xmetal Lentes Black,ML-X-SQUARED-04,120,,,continue,manual,179.90,297.90,TRUE,TRUE,,https://site-pi-six-62.vercel.app/assets/produtos/x-squared/xmetal-lentes-black.jpg,4,X Squared — Xmetal Lentes Black,https://site-pi-six-62.vercel.app/assets/produtos/x-squared/xmetal-lentes-black.jpg,,,,
x-squared,,,,,,,,,Xmetal Lentes Espelhada Kit Vermelho,ML-X-SQUARED-05,120,,,continue,manual,179.90,297.90,TRUE,TRUE,,https://site-pi-six-62.vercel.app/assets/produtos/x-squared/xmetal-lentes-espelhada-kit-vermelho.jpg,5,X Squared — Xmetal Lentes Espelhada Kit Vermelho,https://site-pi-six-62.vercel.app/assets/produtos/x-squared/xmetal-lentes-espelhada-kit-vermelho.jpg,,,,
x-squared,,,,,,,,,Xmetal Lentes Ice,ML-X-SQUARED-06,120,,,continue,manual,179.90,297.90,TRUE,TRUE,,https://site-pi-six-62.vercel.app/assets/produtos/x-squared/xmetal-lentes-ice.jpg,6,X Squared — Xmetal Lentes Ice,https://site-pi-six-62.vercel.app/assets/produtos/x-squared/xmetal-lentes-ice.jpg,,,,
x-squared,,,,,,,,,Xmetal Lentes Ruby,ML-X-SQUARED-07,120,,,continue,manual,179.90,297.90,TRUE,TRUE,,https://site-pi-six-62.vercel.app/assets/produtos/x-squared/xmetal-lentes-ruby.jpg,7,X Squared — Xmetal Lentes Ruby,https://site-pi-six-62.vercel.app/assets/produtos/x-squared/xmetal-lentes-ruby.jpg,,,,
x-squared,,,,,,,,,Xmetal Lentes Tanzanite,ML-X-SQUARED-08,120,,,continue,manual,179.90,297.90,TRUE,TRUE,,https://site-pi-six-62.vercel.app/assets/produtos/x-squared/xmetal-lentes-tanzanite.jpg,8,X Squared — Xmetal Lentes Tanzanite,https://site-pi-six-62.vercel.app/assets/produtos/x-squared/xmetal-lentes-tanzanite.jpg,,,,